"sim_time","resilient-forest-43 - _step","resilient-forest-43 - _step__MIN","resilient-forest-43 - _step__MAX","resilient-forest-43 - run/nusselt","resilient-forest-43 - run/nusselt__MIN","resilient-forest-43 - run/nusselt__MAX","hearty-shape-41 - _step","hearty-shape-41 - _step__MIN","hearty-shape-41 - _step__MAX","hearty-shape-41 - run/nusselt","hearty-shape-41 - run/nusselt__MIN","hearty-shape-41 - run/nusselt__MAX","light-glitter-39 - _step","light-glitter-39 - _step__MIN","light-glitter-39 - _step__MAX","light-glitter-39 - run/nusselt","light-glitter-39 - run/nusselt__MIN","light-glitter-39 - run/nusselt__MAX","crisp-night-37 - _step","crisp-night-37 - _step__MIN","crisp-night-37 - _step__MAX","crisp-night-37 - run/nusselt","crisp-night-37 - run/nusselt__MIN","crisp-night-37 - run/nusselt__MAX","lyric-silence-36 - _step","lyric-silence-36 - _step__MIN","lyric-silence-36 - _step__MAX","lyric-silence-36 - run/nusselt","lyric-silence-36 - run/nusselt__MIN","lyric-silence-36 - run/nusselt__MAX","dulcet-deluge-35 - _step","dulcet-deluge-35 - _step__MIN","dulcet-deluge-35 - _step__MAX","dulcet-deluge-35 - run/nusselt","dulcet-deluge-35 - run/nusselt__MIN","dulcet-deluge-35 - run/nusselt__MAX","leafy-music-34 - _step","leafy-music-34 - _step__MIN","leafy-music-34 - _step__MAX","leafy-music-34 - run/nusselt","leafy-music-34 - run/nusselt__MIN","leafy-music-34 - run/nusselt__MAX","fallen-violet-33 - _step","fallen-violet-33 - _step__MIN","fallen-violet-33 - _step__MAX","fallen-violet-33 - run/nusselt","fallen-violet-33 - run/nusselt__MIN","fallen-violet-33 - run/nusselt__MAX","autumn-thunder-32 - _step","autumn-thunder-32 - _step__MIN","autumn-thunder-32 - _step__MAX","autumn-thunder-32 - run/nusselt","autumn-thunder-32 - run/nusselt__MIN","autumn-thunder-32 - run/nusselt__MAX","lucky-dream-31 - _step","lucky-dream-31 - _step__MIN","lucky-dream-31 - _step__MAX","lucky-dream-31 - run/nusselt","lucky-dream-31 - run/nusselt__MIN","lucky-dream-31 - run/nusselt__MAX","twilight-totem-30 - _step","twilight-totem-30 - _step__MIN","twilight-totem-30 - _step__MAX","twilight-totem-30 - run/nusselt","twilight-totem-30 - run/nusselt__MIN","twilight-totem-30 - run/nusselt__MAX","misty-terrain-29 - _step","misty-terrain-29 - _step__MIN","misty-terrain-29 - _step__MAX","misty-terrain-29 - run/nusselt","misty-terrain-29 - run/nusselt__MIN","misty-terrain-29 - run/nusselt__MAX","rural-violet-28 - _step","rural-violet-28 - _step__MIN","rural-violet-28 - _step__MAX","rural-violet-28 - run/nusselt","rural-violet-28 - run/nusselt__MIN","rural-violet-28 - run/nusselt__MAX","youthful-serenity-27 - _step","youthful-serenity-27 - _step__MIN","youthful-serenity-27 - _step__MAX","youthful-serenity-27 - run/nusselt","youthful-serenity-27 - run/nusselt__MIN","youthful-serenity-27 - run/nusselt__MAX","pleasant-breeze-26 - _step","pleasant-breeze-26 - _step__MIN","pleasant-breeze-26 - _step__MAX","pleasant-breeze-26 - run/nusselt","pleasant-breeze-26 - run/nusselt__MIN","pleasant-breeze-26 - run/nusselt__MAX","hopeful-serenity-25 - _step","hopeful-serenity-25 - _step__MIN","hopeful-serenity-25 - _step__MAX","hopeful-serenity-25 - run/nusselt","hopeful-serenity-25 - run/nusselt__MIN","hopeful-serenity-25 - run/nusselt__MAX"
"1","1","1","1","2.707836743909324","2.707836743909324","2.707836743909324","1","1","1","2.712575935254256","2.712575935254256","2.712575935254256","1","1","1","2.707410734472857","2.707410734472857","2.707410734472857","1","1","1","2.7113956835103727","2.7113956835103727","2.7113956835103727","1","1","1","2.7064540348683908","2.7064540348683908","2.7064540348683908","1","1","1","2.7059794563076127","2.7059794563076127","2.7059794563076127","1","1","1","2.707410734472857","2.707410734472857","2.707410734472857","1","1","1","2.7271564413210223","2.7271564413210223","2.7271564413210223","1","1","1","2.712575935254256","2.712575935254256","2.712575935254256","1","1","1","2.723412746628519","2.723412746628519","2.723412746628519","1","1","1","2.7252228390157285","2.7252228390157285","2.7252228390157285","1","1","1","2.709733992466029","2.709733992466029","2.709733992466029","1","1","1","2.707836743909324","2.707836743909324","2.707836743909324","1","1","1","2.7271564413210223","2.7271564413210223","2.7271564413210223","1","1","1","2.704074242319933","2.704074242319933","2.704074242319933","1","1","1","2.7059794563076127","2.7059794563076127","2.7059794563076127"
"2","4","4","4","2.5205120537418604","2.5205120537418604","2.5205120537418604","4","4","4","2.54468137676949","2.54468137676949","2.54468137676949","4","4","4","2.537332145593857","2.537332145593857","2.537332145593857","4","4","4","2.5374484351797655","2.5374484351797655","2.5374484351797655","4","4","4","2.5178448438547885","2.5178448438547885","2.5178448438547885","4","4","4","2.5130779302937487","2.5130779302937487","2.5130779302937487","4","4","4","2.537332145593857","2.537332145593857","2.537332145593857","4","4","4","2.597441138150034","2.597441138150034","2.597441138150034","4","4","4","2.54468137676949","2.54468137676949","2.54468137676949","4","4","4","2.585551263325671","2.585551263325671","2.585551263325671","4","4","4","2.6009554829786663","2.6009554829786663","2.6009554829786663","4","4","4","2.5335933639016317","2.5335933639016317","2.5335933639016317","4","4","4","2.5205120537418604","2.5205120537418604","2.5205120537418604","4","4","4","2.597441138150034","2.597441138150034","2.597441138150034","4","4","4","2.5138334378391396","2.5138334378391396","2.5138334378391396","4","4","4","2.5130779302937487","2.5130779302937487","2.5130779302937487"
"3","7","7","7","2.385836270187733","2.385836270187733","2.385836270187733","7","7","7","2.440985502609747","2.440985502609747","2.440985502609747","7","7","7","2.430911849413656","2.430911849413656","2.430911849413656","7","7","7","2.4250107337522597","2.4250107337522597","2.4250107337522597","7","7","7","2.3811801449496857","2.3811801449496857","2.3811801449496857","7","7","7","2.369891666106271","2.369891666106271","2.369891666106271","7","7","7","2.430911849413656","2.430911849413656","2.430911849413656","7","7","7","2.553562904041488","2.553562904041488","2.553562904041488","7","7","7","2.440985502609747","2.440985502609747","2.440985502609747","7","7","7","2.528247336937097","2.528247336937097","2.528247336937097","7","7","7","2.559880299597085","2.559880299597085","2.559880299597085","7","7","7","2.412759184128638","2.412759184128638","2.412759184128638","7","7","7","2.385836270187733","2.385836270187733","2.385836270187733","7","7","7","2.553562904041488","2.553562904041488","2.553562904041488","7","7","7","2.37508660950484","2.37508660950484","2.37508660950484","7","7","7","2.369891666106271","2.369891666106271","2.369891666106271"
"4","10","10","10","2.4052963384741375","2.4052963384741375","2.4052963384741375","10","10","10","2.47870387499875","2.47870387499875","2.47870387499875","10","10","10","2.462093970348467","2.462093970348467","2.462093970348467","10","10","10","2.4567492940431754","2.4567492940431754","2.4567492940431754","10","10","10","2.399949821590582","2.399949821590582","2.399949821590582","10","10","10","2.385331390353632","2.385331390353632","2.385331390353632","10","10","10","2.462093970348467","2.462093970348467","2.462093970348467","10","10","10","2.6204523818008414","2.6204523818008414","2.6204523818008414","10","10","10","2.47870387499875","2.47870387499875","2.47870387499875","10","10","10","2.5829833619048594","2.5829833619048594","2.5829833619048594","10","10","10","2.6154414788265905","2.6154414788265905","2.6154414788265905","10","10","10","2.4355311598477645","2.4355311598477645","2.4355311598477645","10","10","10","2.4052963384741375","2.4052963384741375","2.4052963384741375","10","10","10","2.6204523818008414","2.6204523818008414","2.6204523818008414","10","10","10","2.3940288458619015","2.3940288458619015","2.3940288458619015","10","10","10","2.385331390353632","2.385331390353632","2.385331390353632"
"5","13","13","13","2.4798522768922164","2.4798522768922164","2.4798522768922164","13","13","13","2.5551614757592653","2.5551614757592653","2.5551614757592653","13","13","13","2.5266590623279295","2.5266590623279295","2.5266590623279295","13","13","13","2.5290715502704857","2.5290715502704857","2.5290715502704857","13","13","13","2.4732743503164247","2.4732743503164247","2.4732743503164247","13","13","13","2.458629994284805","2.458629994284805","2.458629994284805","13","13","13","2.5266590623279295","2.5266590623279295","2.5266590623279295","13","13","13","2.6924322877070526","2.6924322877070526","2.6924322877070526","13","13","13","2.5551614757592653","2.5551614757592653","2.5551614757592653","13","13","13","2.645917273595282","2.645917273595282","2.645917273595282","13","13","13","2.668057754149029","2.668057754149029","2.668057754149029","13","13","13","2.5036068129517304","2.5036068129517304","2.5036068129517304","13","13","13","2.4798522768922164","2.4798522768922164","2.4798522768922164","13","13","13","2.6924322877070526","2.6924322877070526","2.6924322877070526","13","13","13","2.4682208122657454","2.4682208122657454","2.4682208122657454","13","13","13","2.458629994284805","2.458629994284805","2.458629994284805"
"6","16","16","16","2.540196702039005","2.540196702039005","2.540196702039005","16","16","16","2.610537359659224","2.610537359659224","2.610537359659224","16","16","16","2.5651413250456123","2.5651413250456123","2.5651413250456123","16","16","16","2.578980355339009","2.578980355339009","2.578980355339009","16","16","16","2.530412234331897","2.530412234331897","2.530412234331897","16","16","16","2.5166439027422114","2.5166439027422114","2.5166439027422114","16","16","16","2.5651413250456123","2.5651413250456123","2.5651413250456123","16","16","16","2.617802515400895","2.617802515400895","2.617802515400895","16","16","16","2.610537359659224","2.610537359659224","2.610537359659224","16","16","16","2.679610183356005","2.679610183356005","2.679610183356005","16","16","16","2.5823958126135125","2.5823958126135125","2.5823958126135125","16","16","16","2.5547301100829216","2.5547301100829216","2.5547301100829216","16","16","16","2.540196702039005","2.540196702039005","2.540196702039005","16","16","16","2.617802515400895","2.617802515400895","2.617802515400895","16","16","16","2.5250978965076643","2.5250978965076643","2.5250978965076643","16","16","16","2.5166439027422114","2.5166439027422114","2.5166439027422114"
"7","19","19","19","2.567443592572481","2.567443592572481","2.567443592572481","19","19","19","2.6306637844993017","2.6306637844993017","2.6306637844993017","19","19","19","2.566159314692103","2.566159314692103","2.566159314692103","19","19","19","2.5914868245574016","2.5914868245574016","2.5914868245574016","19","19","19","2.5527503203037187","2.5527503203037187","2.5527503203037187","19","19","19","2.539275040576251","2.539275040576251","2.539275040576251","19","19","19","2.566159314692103","2.566159314692103","2.566159314692103","19","19","19","2.409671201171475","2.409671201171475","2.409671201171475","19","19","19","2.6306637844993017","2.6306637844993017","2.6306637844993017","19","19","19","2.57708155281541","2.57708155281541","2.57708155281541","19","19","19","2.374683133691556","2.374683133691556","2.374683133691556","19","19","19","2.5737565428126374","2.5737565428126374","2.5737565428126374","19","19","19","2.567443592572481","2.567443592572481","2.567443592572481","19","19","19","2.409671201171475","2.409671201171475","2.409671201171475","19","19","19","2.5458060821474913","2.5458060821474913","2.5458060821474913","19","19","19","2.539275040576251","2.539275040576251","2.539275040576251"
"8","22","22","22","2.5364210376624903","2.5364210376624903","2.5364210376624903","22","22","22","2.583941983120374","2.583941983120374","2.583941983120374","22","22","22","2.5094320154796774","2.5094320154796774","2.5094320154796774","22","22","22","2.5397107055713777","2.5397107055713777","2.5397107055713777","22","22","22","2.516033105569653","2.516033105569653","2.516033105569653","22","22","22","2.5028139384334773","2.5028139384334773","2.5028139384334773","22","22","22","2.5094320154796774","2.5094320154796774","2.5094320154796774","22","22","22","2.1642466018664788","2.1642466018664788","2.1642466018664788","22","22","22","2.583941983120374","2.583941983120374","2.583941983120374","22","22","22","2.3229212856984645","2.3229212856984645","2.3229212856984645","22","22","22","2.1421053374415395","2.1421053374415395","2.1421053374415395","22","22","22","2.5363773792680755","2.5363773792680755","2.5363773792680755","22","22","22","2.5364210376624903","2.5364210376624903","2.5364210376624903","22","22","22","2.1642466018664788","2.1642466018664788","2.1642466018664788","22","22","22","2.5059182653224585","2.5059182653224585","2.5059182653224585","22","22","22","2.5028139384334773","2.5028139384334773","2.5028139384334773"
"9","25","25","25","2.464161781944048","2.464161781944048","2.464161781944048","25","25","25","2.477680078852924","2.477680078852924","2.477680078852924","25","25","25","2.4197832947762277","2.4197832947762277","2.4197832947762277","25","25","25","2.4407160986742773","2.4407160986742773","2.4407160986742773","25","25","25","2.440434367152127","2.440434367152127","2.440434367152127","25","25","25","2.4301586267267923","2.4301586267267923","2.4301586267267923","25","25","25","2.4197832947762277","2.4197832947762277","2.4197832947762277","25","25","25","2.0124969396866472","2.0124969396866472","2.0124969396866472","25","25","25","2.477680078852924","2.477680078852924","2.477680078852924","25","25","25","2.0611781372658338","2.0611781372658338","2.0611781372658338","25","25","25","2.0101405439188786","2.0101405439188786","2.0101405439188786","25","25","25","2.4595794517949474","2.4595794517949474","2.4595794517949474","25","25","25","2.464161781944048","2.464161781944048","2.464161781944048","25","25","25","2.0124969396866472","2.0124969396866472","2.0124969396866472","25","25","25","2.4264749032881188","2.4264749032881188","2.4264749032881188","25","25","25","2.4301586267267923","2.4301586267267923","2.4301586267267923"
"10","28","28","28","2.398917371355095","2.398917371355095","2.398917371355095","28","28","28","2.3721558599604013","2.3721558599604013","2.3721558599604013","28","28","28","2.357150135472762","2.357150135472762","2.357150135472762","28","28","28","2.3557851991585554","2.3557851991585554","2.3557851991585554","28","28","28","2.376788372044152","2.376788372044152","2.376788372044152","28","28","28","2.372508532478148","2.372508532478148","2.372508532478148","28","28","28","2.357150135472762","2.357150135472762","2.357150135472762","28","28","28","1.9577629874477398","1.9577629874477398","1.9577629874477398","28","28","28","2.3721558599604013","2.3721558599604013","2.3721558599604013","28","28","28","1.9462688540792368","1.9462688540792368","1.9462688540792368","28","28","28","1.9814026143116281","1.9814026143116281","1.9814026143116281","28","28","28","2.3943297278019307","2.3943297278019307","2.3943297278019307","28","28","28","2.398917371355095","2.398917371355095","2.398917371355095","28","28","28","1.9577629874477398","1.9577629874477398","1.9577629874477398","28","28","28","2.359802037600195","2.359802037600195","2.359802037600195","28","28","28","2.372508532478148","2.372508532478148","2.372508532478148"
"11","31","31","31","2.3715373497804038","2.3715373497804038","2.3715373497804038","31","31","31","2.3271729820929057","2.3271729820929057","2.3271729820929057","31","31","31","2.2953836075777265","2.2953836075777265","2.2953836075777265","31","31","31","2.2735506091893636","2.2735506091893636","2.2735506091893636","31","31","31","2.354469521717012","2.354469521717012","2.354469521717012","31","31","31","2.3551791539320823","2.3551791539320823","2.3551791539320823","31","31","31","2.2953836075777265","2.2953836075777265","2.2953836075777265","31","31","31","1.9840845872507338","1.9840845872507338","1.9840845872507338","31","31","31","2.3271729820929057","2.3271729820929057","2.3271729820929057","31","31","31","1.9614084812448038","1.9614084812448038","1.9614084812448038","31","31","31","2.0283872313113385","2.0283872313113385","2.0283872313113385","31","31","31","2.3762105342443482","2.3762105342443482","2.3762105342443482","31","31","31","2.3715373497804038","2.3715373497804038","2.3715373497804038","31","31","31","1.9840845872507338","1.9840845872507338","1.9840845872507338","31","31","31","2.3356679965126688","2.3356679965126688","2.3356679965126688","31","31","31","2.3551791539320823","2.3551791539320823","2.3551791539320823"
"12","34","34","34","2.38354230049001","2.38354230049001","2.38354230049001","34","34","34","2.360110410794825","2.360110410794825","2.360110410794825","34","34","34","2.271988486492576","2.271988486492576","2.271988486492576","34","34","34","2.235970353883433","2.235970353883433","2.235970353883433","34","34","34","2.372349632252983","2.372349632252983","2.372349632252983","34","34","34","2.3729132499803844","2.3729132499803844","2.3729132499803844","34","34","34","2.271988486492576","2.271988486492576","2.271988486492576","34","34","34","2.16321772338802","2.16321772338802","2.16321772338802","34","34","34","2.360110410794825","2.360110410794825","2.360110410794825","34","34","34","2.0531510557763952","2.0531510557763952","2.0531510557763952","34","34","34","2.2127420179886075","2.2127420179886075","2.2127420179886075","34","34","34","2.40725670340002","2.40725670340002","2.40725670340002","34","34","34","2.38354230049001","2.38354230049001","2.38354230049001","34","34","34","2.16321772338802","2.16321772338802","2.16321772338802","34","34","34","2.353272017503709","2.353272017503709","2.353272017503709","34","34","34","2.3729132499803844","2.3729132499803844","2.3729132499803844"
"13","37","37","37","2.4186877534319695","2.4186877534319695","2.4186877534319695","37","37","37","2.4499297244990097","2.4499297244990097","2.4499297244990097","37","37","37","2.265872115626858","2.265872115626858","2.265872115626858","37","37","37","2.234427516034","2.234427516034","2.234427516034","37","37","37","2.4123865951887535","2.4123865951887535","2.4123865951887535","37","37","37","2.4063868441049348","2.4063868441049348","2.4063868441049348","37","37","37","2.265872115626858","2.265872115626858","2.265872115626858","37","37","37","2.3368440392247996","2.3368440392247996","2.3368440392247996","37","37","37","2.4499297244990097","2.4499297244990097","2.4499297244990097","37","37","37","2.260867532246989","2.260867532246989","2.260867532246989","37","37","37","2.3705803913154373","2.3705803913154373","2.3705803913154373","37","37","37","2.4079769645927174","2.4079769645927174","2.4079769645927174","37","37","37","2.4186877534319695","2.4186877534319695","2.4186877534319695","37","37","37","2.3368440392247996","2.3368440392247996","2.3368440392247996","37","37","37","2.3951045812210423","2.3951045812210423","2.3951045812210423","37","37","37","2.4063868441049348","2.4063868441049348","2.4063868441049348"
"14","40","40","40","2.459051992926515","2.459051992926515","2.459051992926515","40","40","40","2.5615068694249623","2.5615068694249623","2.5615068694249623","40","40","40","2.2622171933646866","2.2622171933646866","2.2622171933646866","40","40","40","2.2437044197186435","2.2437044197186435","2.2437044197186435","40","40","40","2.454415178429461","2.454415178429461","2.454415178429461","40","40","40","2.436750540188858","2.436750540188858","2.436750540188858","40","40","40","2.2622171933646866","2.2622171933646866","2.2622171933646866","40","40","40","2.532702749936921","2.532702749936921","2.532702749936921","40","40","40","2.5615068694249623","2.5615068694249623","2.5615068694249623","40","40","40","2.5176748320776365","2.5176748320776365","2.5176748320776365","40","40","40","2.5389723918720337","2.5389723918720337","2.5389723918720337","40","40","40","2.39512897594392","2.39512897594392","2.39512897594392","40","40","40","2.459051992926515","2.459051992926515","2.459051992926515","40","40","40","2.532702749936921","2.532702749936921","2.532702749936921","40","40","40","2.4398811677618855","2.4398811677618855","2.4398811677618855","40","40","40","2.436750540188858","2.436750540188858","2.436750540188858"
"15","43","43","43","2.49074851930177","2.49074851930177","2.49074851930177","43","43","43","2.659332644005539","2.659332644005539","2.659332644005539","43","43","43","2.243716482011089","2.243716482011089","2.243716482011089","43","43","43","2.244564219609305","2.244564219609305","2.244564219609305","43","43","43","2.4823184620537107","2.4823184620537107","2.4823184620537107","43","43","43","2.4511205257182076","2.4511205257182076","2.4511205257182076","43","43","43","2.243716482011089","2.243716482011089","2.243716482011089","43","43","43","2.5488884919213284","2.5488884919213284","2.5488884919213284","43","43","43","2.659332644005539","2.659332644005539","2.659332644005539","43","43","43","2.7637671697936423","2.7637671697936423","2.7637671697936423","43","43","43","2.5319112088236198","2.5319112088236198","2.5319112088236198","43","43","43","2.348716302529647","2.348716302529647","2.348716302529647","43","43","43","2.49074851930177","2.49074851930177","2.49074851930177","43","43","43","2.5488884919213284","2.5488884919213284","2.5488884919213284","43","43","43","2.4686629742573696","2.4686629742573696","2.4686629742573696","43","43","43","2.4511205257182076","2.4511205257182076","2.4511205257182076"
"16","46","46","46","2.505964226634436","2.505964226634436","2.505964226634436","46","46","46","2.60673675173923","2.60673675173923","2.60673675173923","46","46","46","2.204335919618997","2.204335919618997","2.204335919618997","46","46","46","2.2739756159997797","2.2739756159997797","2.2739756159997797","46","46","46","2.488262654045997","2.488262654045997","2.488262654045997","46","46","46","2.4453006303568046","2.4453006303568046","2.4453006303568046","46","46","46","2.204335919618997","2.204335919618997","2.204335919618997","46","46","46","2.4622705661063895","2.4622705661063895","2.4622705661063895","46","46","46","2.60673675173923","2.60673675173923","2.60673675173923","46","46","46","2.7432717676239196","2.7432717676239196","2.7432717676239196","46","46","46","2.449132662554426","2.449132662554426","2.449132662554426","46","46","46","2.279463755801765","2.279463755801765","2.279463755801765","46","46","46","2.505964226634436","2.505964226634436","2.505964226634436","46","46","46","2.4622705661063895","2.4622705661063895","2.4622705661063895","46","46","46","2.471602879680001","2.471602879680001","2.471602879680001","46","46","46","2.4453006303568046","2.4453006303568046","2.4453006303568046"
"17","49","49","49","2.507494385599154","2.507494385599154","2.507494385599154","49","49","49","2.4082800925730443","2.4082800925730443","2.4082800925730443","49","49","49","2.180716936893423","2.180716936893423","2.180716936893423","49","49","49","2.280474709642815","2.280474709642815","2.280474709642815","49","49","49","2.477692898241145","2.477692898241145","2.477692898241145","49","49","49","2.4269929223891977","2.4269929223891977","2.4269929223891977","49","49","49","2.180716936893423","2.180716936893423","2.180716936893423","49","49","49","2.3277522078714368","2.3277522078714368","2.3277522078714368","49","49","49","2.4082800925730443","2.4082800925730443","2.4082800925730443","49","49","49","2.5662999639975417","2.5662999639975417","2.5662999639975417","49","49","49","2.3348264595221635","2.3348264595221635","2.3348264595221635","49","49","49","2.202291558360632","2.202291558360632","2.202291558360632","49","49","49","2.507494385599154","2.507494385599154","2.507494385599154","49","49","49","2.3277522078714368","2.3277522078714368","2.3277522078714368","49","49","49","2.4550890659183637","2.4550890659183637","2.4550890659183637","49","49","49","2.4269929223891977","2.4269929223891977","2.4269929223891977"
"18","52","52","52","2.5058732064388023","2.5058732064388023","2.5058732064388023","52","52","52","2.1877607495904163","2.1877607495904163","2.1877607495904163","52","52","52","2.1744584011958406","2.1744584011958406","2.1744584011958406","52","52","52","2.328169121738149","2.328169121738149","2.328169121738149","52","52","52","2.464588403055019","2.464588403055019","2.464588403055019","52","52","52","2.410865866328664","2.410865866328664","2.410865866328664","52","52","52","2.1744584011958406","2.1744584011958406","2.1744584011958406","52","52","52","2.2981610235182908","2.2981610235182908","2.2981610235182908","52","52","52","2.1877607495904163","2.1877607495904163","2.1877607495904163","52","52","52","2.299161012716159","2.299161012716159","2.299161012716159","52","52","52","2.328333248381936","2.328333248381936","2.328333248381936","52","52","52","2.146747566309331","2.146747566309331","2.146747566309331","52","52","52","2.5058732064388023","2.5058732064388023","2.5058732064388023","52","52","52","2.2981610235182908","2.2981610235182908","2.2981610235182908","52","52","52","2.436228356352004","2.436228356352004","2.436228356352004","52","52","52","2.410865866328664","2.410865866328664","2.410865866328664"
"19","55","55","55","2.509622514482823","2.509622514482823","2.509622514482823","55","55","55","2.0863920505454194","2.0863920505454194","2.0863920505454194","55","55","55","2.239859203028849","2.239859203028849","2.239859203028849","55","55","55","2.3341715829281378","2.3341715829281378","2.3341715829281378","55","55","55","2.459652786435237","2.459652786435237","2.459652786435237","55","55","55","2.407663863496357","2.407663863496357","2.407663863496357","55","55","55","2.239859203028849","2.239859203028849","2.239859203028849","55","55","55","2.407955455394599","2.407955455394599","2.407955455394599","55","55","55","2.0863920505454194","2.0863920505454194","2.0863920505454194","55","55","55","2.2856207721519506","2.2856207721519506","2.2856207721519506","55","55","55","2.443118125328782","2.443118125328782","2.443118125328782","55","55","55","2.1420255854925236","2.1420255854925236","2.1420255854925236","55","55","55","2.509622514482823","2.509622514482823","2.509622514482823","55","55","55","2.407955455394599","2.407955455394599","2.407955455394599","55","55","55","2.427815566258717","2.427815566258717","2.427815566258717","55","55","55","2.407663863496357","2.407663863496357","2.407663863496357"
"20","58","58","58","2.4426609010267226","2.4426609010267226","2.4426609010267226","58","58","58","2.0753466484357475","2.0753466484357475","2.0753466484357475","58","58","58","2.2996493495986767","2.2996493495986767","2.2996493495986767","58","58","58","2.3691098661000045","2.3691098661000045","2.3691098661000045","58","58","58","2.4642339839178002","2.4642339839178002","2.4642339839178002","58","58","58","2.4186531561110125","2.4186531561110125","2.4186531561110125","58","58","58","2.2996493495986767","2.2996493495986767","2.2996493495986767","58","58","58","2.5239972140159725","2.5239972140159725","2.5239972140159725","58","58","58","2.0753466484357475","2.0753466484357475","2.0753466484357475","58","58","58","2.306075222508212","2.306075222508212","2.306075222508212","58","58","58","2.4917101020415107","2.4917101020415107","2.4917101020415107","58","58","58","2.166078480542371","2.166078480542371","2.166078480542371","58","58","58","2.4426609010267226","2.4426609010267226","2.4426609010267226","58","58","58","2.5239972140159725","2.5239972140159725","2.5239972140159725","58","58","58","2.430223915373811","2.430223915373811","2.430223915373811","58","58","58","2.4186531561110125","2.4186531561110125","2.4186531561110125"
"21","61","61","61","2.351759541520841","2.351759541520841","2.351759541520841","61","61","61","2.09816155272272","2.09816155272272","2.09816155272272","61","61","61","2.383901788509429","2.383901788509429","2.383901788509429","61","61","61","2.373278848317332","2.373278848317332","2.373278848317332","61","61","61","2.472462649138106","2.472462649138106","2.472462649138106","61","61","61","2.4375104611735403","2.4375104611735403","2.4375104611735403","61","61","61","2.383901788509429","2.383901788509429","2.383901788509429","61","61","61","2.5669903746910756","2.5669903746910756","2.5669903746910756","61","61","61","2.09816155272272","2.09816155272272","2.09816155272272","61","61","61","2.2868608403915998","2.2868608403915998","2.2868608403915998","61","61","61","2.4725937101105098","2.4725937101105098","2.4725937101105098","61","61","61","2.255802562074744","2.255802562074744","2.255802562074744","61","61","61","2.351759541520841","2.351759541520841","2.351759541520841","61","61","61","2.5669903746910756","2.5669903746910756","2.5669903746910756","61","61","61","2.434997237219138","2.434997237219138","2.434997237219138","61","61","61","2.4375104611735403","2.4375104611735403","2.4375104611735403"
"22","64","64","64","2.2667920259354615","2.2667920259354615","2.2667920259354615","64","64","64","2.1507844385504016","2.1507844385504016","2.1507844385504016","64","64","64","2.485585050583389","2.485585050583389","2.485585050583389","64","64","64","2.324994872964613","2.324994872964613","2.324994872964613","64","64","64","2.4766870312933995","2.4766870312933995","2.4766870312933995","64","64","64","2.454633574459188","2.454633574459188","2.454633574459188","64","64","64","2.485585050583389","2.485585050583389","2.485585050583389","64","64","64","2.524684212200302","2.524684212200302","2.524684212200302","64","64","64","2.1507844385504016","2.1507844385504016","2.1507844385504016","64","64","64","2.249917192880584","2.249917192880584","2.249917192880584","64","64","64","2.424395341605427","2.424395341605427","2.424395341605427","64","64","64","2.3993632661053064","2.3993632661053064","2.3993632661053064","64","64","64","2.2667920259354615","2.2667920259354615","2.2667920259354615","64","64","64","2.524684212200302","2.524684212200302","2.524684212200302","64","64","64","2.433479291784783","2.433479291784783","2.433479291784783","64","64","64","2.454633574459188","2.454633574459188","2.454633574459188"
"23","67","67","67","2.2043201470789886","2.2043201470789886","2.2043201470789886","67","67","67","2.2950940058278015","2.2950940058278015","2.2950940058278015","67","67","67","2.5931848580826466","2.5931848580826466","2.5931848580826466","67","67","67","2.2356756840026684","2.2356756840026684","2.2356756840026684","67","67","67","2.472837997802077","2.472837997802077","2.472837997802077","67","67","67","2.461301988705752","2.461301988705752","2.461301988705752","67","67","67","2.5931848580826466","2.5931848580826466","2.5931848580826466","67","67","67","2.492648612289621","2.492648612289621","2.492648612289621","67","67","67","2.2950940058278015","2.2950940058278015","2.2950940058278015","67","67","67","2.308469077126027","2.308469077126027","2.308469077126027","67","67","67","2.459150427888518","2.459150427888518","2.459150427888518","67","67","67","2.5666203592666306","2.5666203592666306","2.5666203592666306","67","67","67","2.2043201470789886","2.2043201470789886","2.2043201470789886","67","67","67","2.492648612289621","2.492648612289621","2.492648612289621","67","67","67","2.423688458380936","2.423688458380936","2.423688458380936","67","67","67","2.461301988705752","2.461301988705752","2.461301988705752"
"24","70","70","70","2.159880401919969","2.159880401919969","2.159880401919969","70","70","70","2.3900005033028666","2.3900005033028666","2.3900005033028666","70","70","70","2.574803854195207","2.574803854195207","2.574803854195207","70","70","70","2.1533216273521507","2.1533216273521507","2.1533216273521507","70","70","70","2.463537948993646","2.463537948993646","2.463537948993646","70","70","70","2.4537464774716473","2.4537464774716473","2.4537464774716473","70","70","70","2.574803854195207","2.574803854195207","2.574803854195207","70","70","70","2.551600484996022","2.551600484996022","2.551600484996022","70","70","70","2.3900005033028666","2.3900005033028666","2.3900005033028666","70","70","70","2.440270637568896","2.440270637568896","2.440270637568896","70","70","70","2.5701485844404552","2.5701485844404552","2.5701485844404552","70","70","70","2.6838228715531636","2.6838228715531636","2.6838228715531636","70","70","70","2.159880401919969","2.159880401919969","2.159880401919969","70","70","70","2.551600484996022","2.551600484996022","2.551600484996022","70","70","70","2.4116982001820935","2.4116982001820935","2.4116982001820935","70","70","70","2.4537464774716473","2.4537464774716473","2.4537464774716473"
"25","73","73","73","2.190919796925548","2.190919796925548","2.190919796925548","73","73","73","2.4941367223099657","2.4941367223099657","2.4941367223099657","73","73","73","2.425856479215911","2.425856479215911","2.425856479215911","73","73","73","2.1228497619914526","2.1228497619914526","2.1228497619914526","73","73","73","2.4568441523890936","2.4568441523890936","2.4568441523890936","73","73","73","2.4356434162271756","2.4356434162271756","2.4356434162271756","73","73","73","2.425856479215911","2.425856479215911","2.425856479215911","73","73","73","2.6087908190911104","2.6087908190911104","2.6087908190911104","73","73","73","2.4941367223099657","2.4941367223099657","2.4941367223099657","73","73","73","2.604863824327751","2.604863824327751","2.604863824327751","73","73","73","2.64281204796299","2.64281204796299","2.64281204796299","73","73","73","2.70512530981547","2.70512530981547","2.70512530981547","73","73","73","2.190919796925548","2.190919796925548","2.190919796925548","73","73","73","2.6087908190911104","2.6087908190911104","2.6087908190911104","73","73","73","2.407110686660836","2.407110686660836","2.407110686660836","73","73","73","2.4356434162271756","2.4356434162271756","2.4356434162271756"
"26","76","76","76","2.2388723976305034","2.2388723976305034","2.2388723976305034","76","76","76","2.472074937982093","2.472074937982093","2.472074937982093","76","76","76","2.259624073535374","2.259624073535374","2.259624073535374","76","76","76","2.1771154427502095","2.1771154427502095","2.1771154427502095","76","76","76","2.4130460740116466","2.4130460740116466","2.4130460740116466","76","76","76","2.4164886146967732","2.4164886146967732","2.4164886146967732","76","76","76","2.259624073535374","2.259624073535374","2.259624073535374","76","76","76","2.67093302988893","2.67093302988893","2.67093302988893","76","76","76","2.472074937982093","2.472074937982093","2.472074937982093","76","76","76","2.6985527001909526","2.6985527001909526","2.6985527001909526","76","76","76","2.577331037327736","2.577331037327736","2.577331037327736","76","76","76","2.623601192055328","2.623601192055328","2.623601192055328","76","76","76","2.2388723976305034","2.2388723976305034","2.2388723976305034","76","76","76","2.67093302988893","2.67093302988893","2.67093302988893","76","76","76","2.4161228741712035","2.4161228741712035","2.4161228741712035","76","76","76","2.4164886146967732","2.4164886146967732","2.4164886146967732"
"27","79","79","79","2.3210936204807373","2.3210936204807373","2.3210936204807373","79","79","79","2.4618946644201047","2.4618946644201047","2.4618946644201047","79","79","79","2.1487212899667703","2.1487212899667703","2.1487212899667703","79","79","79","2.305501901551959","2.305501901551959","2.305501901551959","79","79","79","2.3734075140479085","2.3734075140479085","2.3734075140479085","79","79","79","2.4062956618942546","2.4062956618942546","2.4062956618942546","79","79","79","2.1487212899667703","2.1487212899667703","2.1487212899667703","79","79","79","2.559837167299907","2.559837167299907","2.559837167299907","79","79","79","2.4618946644201047","2.4618946644201047","2.4618946644201047","79","79","79","2.7174711814693673","2.7174711814693673","2.7174711814693673","79","79","79","2.423282613420095","2.423282613420095","2.423282613420095","79","79","79","2.4258949168332276","2.4258949168332276","2.4258949168332276","79","79","79","2.3210936204807373","2.3210936204807373","2.3210936204807373","79","79","79","2.559837167299907","2.559837167299907","2.559837167299907","79","79","79","2.4376555421009796","2.4376555421009796","2.4376555421009796","79","79","79","2.4062956618942546","2.4062956618942546","2.4062956618942546"
"28","82","82","82","2.432870661207829","2.432870661207829","2.432870661207829","82","82","82","2.3924475757732844","2.3924475757732844","2.3924475757732844","82","82","82","2.082662510411244","2.082662510411244","2.082662510411244","82","82","82","2.486087960976035","2.486087960976035","2.486087960976035","82","82","82","2.3183508264846635","2.3183508264846635","2.3183508264846635","82","82","82","2.4103395450374845","2.4103395450374845","2.4103395450374845","82","82","82","2.082662510411244","2.082662510411244","2.082662510411244","82","82","82","2.4250598915422077","2.4250598915422077","2.4250598915422077","82","82","82","2.3924475757732844","2.3924475757732844","2.3924475757732844","82","82","82","2.558143707840996","2.558143707840996","2.558143707840996","82","82","82","2.3231207648575367","2.3231207648575367","2.3231207648575367","82","82","82","2.1710909433968073","2.1710909433968073","2.1710909433968073","82","82","82","2.432870661207829","2.432870661207829","2.432870661207829","82","82","82","2.4250598915422077","2.4250598915422077","2.4250598915422077","82","82","82","2.4651667161371416","2.4651667161371416","2.4651667161371416","82","82","82","2.4103395450374845","2.4103395450374845","2.4103395450374845"
"29","85","85","85","2.5608290742072253","2.5608290742072253","2.5608290742072253","85","85","85","2.3031370752963176","2.3031370752963176","2.3031370752963176","85","85","85","2.074320480058478","2.074320480058478","2.074320480058478","85","85","85","2.6439258225174025","2.6439258225174025","2.6439258225174025","85","85","85","2.304633853827389","2.304633853827389","2.304633853827389","85","85","85","2.427136935168777","2.427136935168777","2.427136935168777","85","85","85","2.074320480058478","2.074320480058478","2.074320480058478","85","85","85","2.3989660335933194","2.3989660335933194","2.3989660335933194","85","85","85","2.3031370752963176","2.3031370752963176","2.3031370752963176","85","85","85","2.3455115721541477","2.3455115721541477","2.3455115721541477","85","85","85","2.408837827003567","2.408837827003567","2.408837827003567","85","85","85","1.9963658817690892","1.9963658817690892","1.9963658817690892","85","85","85","2.5608290742072253","2.5608290742072253","2.5608290742072253","85","85","85","2.3989660335933194","2.3989660335933194","2.3989660335933194","85","85","85","2.4914480640717693","2.4914480640717693","2.4914480640717693","85","85","85","2.427136935168777","2.427136935168777","2.427136935168777"
"30","88","88","88","2.6618791359877467","2.6618791359877467","2.6618791359877467","88","88","88","2.2220629730253507","2.2220629730253507","2.2220629730253507","88","88","88","2.138718660555592","2.138718660555592","2.138718660555592","88","88","88","2.6936872903264195","2.6936872903264195","2.6936872903264195","88","88","88","2.285366011544929","2.285366011544929","2.285366011544929","88","88","88","2.4501579906400393","2.4501579906400393","2.4501579906400393","88","88","88","2.138718660555592","2.138718660555592","2.138718660555592","88","88","88","2.4565336531617823","2.4565336531617823","2.4565336531617823","88","88","88","2.2220629730253507","2.2220629730253507","2.2220629730253507","88","88","88","2.2601299561024017","2.2601299561024017","2.2601299561024017","88","88","88","2.4252084648066408","2.4252084648066408","2.4252084648066408","88","88","88","1.9481448948279205","1.9481448948279205","1.9481448948279205","88","88","88","2.6618791359877467","2.6618791359877467","2.6618791359877467","88","88","88","2.4565336531617823","2.4565336531617823","2.4565336531617823","88","88","88","2.5115045884266047","2.5115045884266047","2.5115045884266047","88","88","88","2.4501579906400393","2.4501579906400393","2.4501579906400393"
"31","91","91","91","2.58884736327516","2.58884736327516","2.58884736327516","91","91","91","2.1572951373383042","2.1572951373383042","2.1572951373383042","91","91","91","2.2681028869362145","2.2681028869362145","2.2681028869362145","91","91","91","2.676739054281622","2.676739054281622","2.676739054281622","91","91","91","2.30434142867688","2.30434142867688","2.30434142867688","91","91","91","2.471745819966248","2.471745819966248","2.471745819966248","91","91","91","2.2681028869362145","2.2681028869362145","2.2681028869362145","91","91","91","2.39593264307947","2.39593264307947","2.39593264307947","91","91","91","2.1572951373383042","2.1572951373383042","2.1572951373383042","91","91","91","2.3013117869331334","2.3013117869331334","2.3013117869331334","91","91","91","2.3560494937581273","2.3560494937581273","2.3560494937581273","91","91","91","1.9964418877286705","1.9964418877286705","1.9964418877286705","91","91","91","2.58884736327516","2.58884736327516","2.58884736327516","91","91","91","2.39593264307947","2.39593264307947","2.39593264307947","91","91","91","2.5215480816357956","2.5215480816357956","2.5215480816357956","91","91","91","2.471745819966248","2.471745819966248","2.471745819966248"
"32","94","94","94","2.440882904586048","2.440882904586048","2.440882904586048","94","94","94","2.154112975706882","2.154112975706882","2.154112975706882","94","94","94","2.4085309334072034","2.4085309334072034","2.4085309334072034","94","94","94","2.6120449219700705","2.6120449219700705","2.6120449219700705","94","94","94","2.3099471427880096","2.3099471427880096","2.3099471427880096","94","94","94","2.4867735607277632","2.4867735607277632","2.4867735607277632","94","94","94","2.4085309334072034","2.4085309334072034","2.4085309334072034","94","94","94","2.2676816865440514","2.2676816865440514","2.2676816865440514","94","94","94","2.154112975706882","2.154112975706882","2.154112975706882","94","94","94","2.258031847972405","2.258031847972405","2.258031847972405","94","94","94","2.2802244759135033","2.2802244759135033","2.2802244759135033","94","94","94","2.155816087309937","2.155816087309937","2.155816087309937","94","94","94","2.440882904586048","2.440882904586048","2.440882904586048","94","94","94","2.2676816865440514","2.2676816865440514","2.2676816865440514","94","94","94","2.517065194893737","2.517065194893737","2.517065194893737","94","94","94","2.4867735607277632","2.4867735607277632","2.4867735607277632"
"33","97","97","97","2.291122790343956","2.291122790343956","2.291122790343956","97","97","97","2.1443222525058125","2.1443222525058125","2.1443222525058125","97","97","97","2.5553734354284883","2.5553734354284883","2.5553734354284883","97","97","97","2.3783974045438954","2.3783974045438954","2.3783974045438954","97","97","97","2.334975084886103","2.334975084886103","2.334975084886103","97","97","97","2.49382823907996","2.49382823907996","2.49382823907996","97","97","97","2.5553734354284883","2.5553734354284883","2.5553734354284883","97","97","97","2.2121080689369217","2.2121080689369217","2.2121080689369217","97","97","97","2.1443222525058125","2.1443222525058125","2.1443222525058125","97","97","97","2.125515606423123","2.125515606423123","2.125515606423123","97","97","97","2.3276866067244115","2.3276866067244115","2.3276866067244115","97","97","97","2.3739779041799456","2.3739779041799456","2.3739779041799456","97","97","97","2.291122790343956","2.291122790343956","2.291122790343956","97","97","97","2.2121080689369217","2.2121080689369217","2.2121080689369217","97","97","97","2.494562787112259","2.494562787112259","2.494562787112259","97","97","97","2.49382823907996","2.49382823907996","2.49382823907996"
"34","100","100","100","2.165952451492639","2.165952451492639","2.165952451492639","100","100","100","2.206003710952334","2.206003710952334","2.206003710952334","100","100","100","2.6542147261642115","2.6542147261642115","2.6542147261642115","100","100","100","2.2701338005670295","2.2701338005670295","2.2701338005670295","100","100","100","2.3333855923686992","2.3333855923686992","2.3333855923686992","100","100","100","2.4936486295322897","2.4936486295322897","2.4936486295322897","100","100","100","2.6542147261642115","2.6542147261642115","2.6542147261642115","100","100","100","2.3394589627207814","2.3394589627207814","2.3394589627207814","100","100","100","2.206003710952334","2.206003710952334","2.206003710952334","100","100","100","2.10526627594276","2.10526627594276","2.10526627594276","100","100","100","2.477251378812616","2.477251378812616","2.477251378812616","100","100","100","2.5739239996026035","2.5739239996026035","2.5739239996026035","100","100","100","2.165952451492639","2.165952451492639","2.165952451492639","100","100","100","2.3394589627207814","2.3394589627207814","2.3394589627207814","100","100","100","2.457075176397096","2.457075176397096","2.457075176397096","100","100","100","2.4936486295322897","2.4936486295322897","2.4936486295322897"
"35","103","103","103","2.0507058132179963","2.0507058132179963","2.0507058132179963","103","103","103","2.3643176049023666","2.3643176049023666","2.3643176049023666","103","103","103","2.661031725159161","2.661031725159161","2.661031725159161","103","103","103","2.2236887257004305","2.2236887257004305","2.2236887257004305","103","103","103","2.3489432007272835","2.3489432007272835","2.3489432007272835","103","103","103","2.4869340591810123","2.4869340591810123","2.4869340591810123","103","103","103","2.661031725159161","2.661031725159161","2.661031725159161","103","103","103","2.5479295689532404","2.5479295689532404","2.5479295689532404","103","103","103","2.3643176049023666","2.3643176049023666","2.3643176049023666","103","103","103","2.258482067688262","2.258482067688262","2.258482067688262","103","103","103","2.612253453898346","2.612253453898346","2.612253453898346","103","103","103","2.6729566349555864","2.6729566349555864","2.6729566349555864","103","103","103","2.0507058132179963","2.0507058132179963","2.0507058132179963","103","103","103","2.5479295689532404","2.5479295689532404","2.5479295689532404","103","103","103","2.4172152509170655","2.4172152509170655","2.4172152509170655","103","103","103","2.4869340591810123","2.4869340591810123","2.4869340591810123"
"36","106","106","106","2.0012933405246365","2.0012933405246365","2.0012933405246365","106","106","106","2.5723849095942906","2.5723849095942906","2.5723849095942906","106","106","106","2.694782104659892","2.694782104659892","2.694782104659892","106","106","106","2.189408812518617","2.189408812518617","2.189408812518617","106","106","106","2.337153694483906","2.337153694483906","2.337153694483906","106","106","106","2.4740265318215298","2.4740265318215298","2.4740265318215298","106","106","106","2.694782104659892","2.694782104659892","2.694782104659892","106","106","106","2.685887871282424","2.685887871282424","2.685887871282424","106","106","106","2.5723849095942906","2.5723849095942906","2.5723849095942906","106","106","106","2.485514991624322","2.485514991624322","2.485514991624322","106","106","106","2.602319013389207","2.602319013389207","2.602319013389207","106","106","106","2.6228219020696932","2.6228219020696932","2.6228219020696932","106","106","106","2.0012933405246365","2.0012933405246365","2.0012933405246365","106","106","106","2.685887871282424","2.685887871282424","2.685887871282424","106","106","106","2.3925367286168466","2.3925367286168466","2.3925367286168466","106","106","106","2.4740265318215298","2.4740265318215298","2.4740265318215298"
"37","109","109","109","2.0555380175262266","2.0555380175262266","2.0555380175262266","109","109","109","2.718553413246589","2.718553413246589","2.718553413246589","109","109","109","2.575653169048505","2.575653169048505","2.575653169048505","109","109","109","2.141115271327394","2.141115271327394","2.141115271327394","109","109","109","2.338663815576423","2.338663815576423","2.338663815576423","109","109","109","2.4567259590192063","2.4567259590192063","2.4567259590192063","109","109","109","2.575653169048505","2.575653169048505","2.575653169048505","109","109","109","2.6826969903405278","2.6826969903405278","2.6826969903405278","109","109","109","2.718553413246589","2.718553413246589","2.718553413246589","109","109","109","2.656767567241118","2.656767567241118","2.656767567241118","109","109","109","2.474835459685086","2.474835459685086","2.474835459685086","109","109","109","2.633240197223035","2.633240197223035","2.633240197223035","109","109","109","2.0555380175262266","2.0555380175262266","2.0555380175262266","109","109","109","2.6826969903405278","2.6826969903405278","2.6826969903405278","109","109","109","2.395987776997942","2.395987776997942","2.395987776997942","109","109","109","2.4567259590192063","2.4567259590192063","2.4567259590192063"
"38","112","112","112","2.203507955139775","2.203507955139775","2.203507955139775","112","112","112","2.7539861230357134","2.7539861230357134","2.7539861230357134","112","112","112","2.527495203575178","2.527495203575178","2.527495203575178","112","112","112","2.2104737303189457","2.2104737303189457","2.2104737303189457","112","112","112","2.319798057503617","2.319798057503617","2.319798057503617","112","112","112","2.4399118094903467","2.4399118094903467","2.4399118094903467","112","112","112","2.527495203575178","2.527495203575178","2.527495203575178","112","112","112","2.504609440203306","2.504609440203306","2.504609440203306","112","112","112","2.7539861230357134","2.7539861230357134","2.7539861230357134","112","112","112","2.7611883224118587","2.7611883224118587","2.7611883224118587","112","112","112","2.31939140832209","2.31939140832209","2.31939140832209","112","112","112","2.494126417212956","2.494126417212956","2.494126417212956","112","112","112","2.203507955139775","2.203507955139775","2.203507955139775","112","112","112","2.504609440203306","2.504609440203306","2.504609440203306","112","112","112","2.42862803347397","2.42862803347397","2.42862803347397","112","112","112","2.4399118094903467","2.4399118094903467","2.4399118094903467"
"39","115","115","115","2.3845696971069104","2.3845696971069104","2.3845696971069104","115","115","115","2.829924488949217","2.829924488949217","2.829924488949217","115","115","115","2.4602807052092994","2.4602807052092994","2.4602807052092994","115","115","115","2.3894371732097333","2.3894371732097333","2.3894371732097333","115","115","115","2.3199512371856934","2.3199512371856934","2.3199512371856934","115","115","115","2.430565311005668","2.430565311005668","2.430565311005668","115","115","115","2.4602807052092994","2.4602807052092994","2.4602807052092994","115","115","115","2.335601292641397","2.335601292641397","2.335601292641397","115","115","115","2.829924488949217","2.829924488949217","2.829924488949217","115","115","115","2.6838290353130176","2.6838290353130176","2.6838290353130176","115","115","115","2.3245736009646136","2.3245736009646136","2.3245736009646136","115","115","115","2.534164611808916","2.534164611808916","2.534164611808916","115","115","115","2.3845696971069104","2.3845696971069104","2.3845696971069104","115","115","115","2.335601292641397","2.335601292641397","2.335601292641397","115","115","115","2.47925292856715","2.47925292856715","2.47925292856715","115","115","115","2.430565311005668","2.430565311005668","2.430565311005668"
"40","118","118","118","2.550365111194492","2.550365111194492","2.550365111194492","118","118","118","2.6385468112226937","2.6385468112226937","2.6385468112226937","118","118","118","2.253608418541637","2.253608418541637","2.253608418541637","118","118","118","2.5428289193914355","2.5428289193914355","2.5428289193914355","118","118","118","2.3088468583873887","2.3088468583873887","2.3088468583873887","118","118","118","2.4343462278520205","2.4343462278520205","2.4343462278520205","118","118","118","2.253608418541637","2.253608418541637","2.253608418541637","118","118","118","2.362919198204164","2.362919198204164","2.362919198204164","118","118","118","2.6385468112226937","2.6385468112226937","2.6385468112226937","118","118","118","2.4489338557875158","2.4489338557875158","2.4489338557875158","118","118","118","2.372317203288971","2.372317203288971","2.372317203288971","118","118","118","2.4710196430187605","2.4710196430187605","2.4710196430187605","118","118","118","2.550365111194492","2.550365111194492","2.550365111194492","118","118","118","2.362919198204164","2.362919198204164","2.362919198204164","118","118","118","2.53102891278744","2.53102891278744","2.53102891278744","118","118","118","2.4343462278520205","2.4343462278520205","2.4343462278520205"
"41","121","121","121","2.623572066378809","2.623572066378809","2.623572066378809","121","121","121","2.457904907473373","2.457904907473373","2.457904907473373","121","121","121","2.011883347462039","2.011883347462039","2.011883347462039","121","121","121","2.559746501933401","2.559746501933401","2.559746501933401","121","121","121","2.3183280913670137","2.3183280913670137","2.3183280913670137","121","121","121","2.4522663354883854","2.4522663354883854","2.4522663354883854","121","121","121","2.011883347462039","2.011883347462039","2.011883347462039","121","121","121","2.368811585368267","2.368811585368267","2.368811585368267","121","121","121","2.457904907473373","2.457904907473373","2.457904907473373","121","121","121","2.280739837249693","2.280739837249693","2.280739837249693","121","121","121","2.3707362937026217","2.3707362937026217","2.3707362937026217","121","121","121","2.3240861751830284","2.3240861751830284","2.3240861751830284","121","121","121","2.623572066378809","2.623572066378809","2.623572066378809","121","121","121","2.368811585368267","2.368811585368267","2.368811585368267","121","121","121","2.5708066619291587","2.5708066619291587","2.5708066619291587","121","121","121","2.4522663354883854","2.4522663354883854","2.4522663354883854"
"42","124","124","124","2.5701196838759595","2.5701196838759595","2.5701196838759595","124","124","124","2.334127812867868","2.334127812867868","2.334127812867868","124","124","124","2.032509739775774","2.032509739775774","2.032509739775774","124","124","124","2.517577743291567","2.517577743291567","2.517577743291567","124","124","124","2.3153920971018755","2.3153920971018755","2.3153920971018755","124","124","124","2.4799874192565996","2.4799874192565996","2.4799874192565996","124","124","124","2.032509739775774","2.032509739775774","2.032509739775774","124","124","124","2.267341296875373","2.267341296875373","2.267341296875373","124","124","124","2.334127812867868","2.334127812867868","2.334127812867868","124","124","124","2.276975743353169","2.276975743353169","2.276975743353169","124","124","124","2.3397882164758284","2.3397882164758284","2.3397882164758284","124","124","124","2.0837600055517087","2.0837600055517087","2.0837600055517087","124","124","124","2.5701196838759595","2.5701196838759595","2.5701196838759595","124","124","124","2.267341296875373","2.267341296875373","2.267341296875373","124","124","124","2.594004058112731","2.594004058112731","2.594004058112731","124","124","124","2.4799874192565996","2.4799874192565996","2.4799874192565996"
"43","127","127","127","2.6055739856151594","2.6055739856151594","2.6055739856151594","127","127","127","2.195928724402657","2.195928724402657","2.195928724402657","127","127","127","2.2545231186265515","2.2545231186265515","2.2545231186265515","127","127","127","2.6095844689659873","2.6095844689659873","2.6095844689659873","127","127","127","2.32809564126198","2.32809564126198","2.32809564126198","127","127","127","2.510218584359046","2.510218584359046","2.510218584359046","127","127","127","2.2545231186265515","2.2545231186265515","2.2545231186265515","127","127","127","2.1593477386819613","2.1593477386819613","2.1593477386819613","127","127","127","2.195928724402657","2.195928724402657","2.195928724402657","127","127","127","2.2351411679335556","2.2351411679335556","2.2351411679335556","127","127","127","2.3813791498271324","2.3813791498271324","2.3813791498271324","127","127","127","1.9998615762050669","1.9998615762050669","1.9998615762050669","127","127","127","2.6055739856151594","2.6055739856151594","2.6055739856151594","127","127","127","2.1593477386819613","2.1593477386819613","2.1593477386819613","127","127","127","2.6012242744843688","2.6012242744843688","2.6012242744843688","127","127","127","2.510218584359046","2.510218584359046","2.510218584359046"
"44","130","130","130","2.5034185667297306","2.5034185667297306","2.5034185667297306","130","130","130","2.040020406721498","2.040020406721498","2.040020406721498","130","130","130","2.4871818282913005","2.4871818282913005","2.4871818282913005","130","130","130","2.4693129186642993","2.4693129186642993","2.4693129186642993","130","130","130","2.3236336982628485","2.3236336982628485","2.3236336982628485","130","130","130","2.536286364832729","2.536286364832729","2.536286364832729","130","130","130","2.4871818282913005","2.4871818282913005","2.4871818282913005","130","130","130","2.191287619506844","2.191287619506844","2.191287619506844","130","130","130","2.040020406721498","2.040020406721498","2.040020406721498","130","130","130","2.145496400209467","2.145496400209467","2.145496400209467","130","130","130","2.483146703620434","2.483146703620434","2.483146703620434","130","130","130","2.1278263455366866","2.1278263455366866","2.1278263455366866","130","130","130","2.5034185667297306","2.5034185667297306","2.5034185667297306","130","130","130","2.191287619506844","2.191287619506844","2.191287619506844","130","130","130","2.591491497235373","2.591491497235373","2.591491497235373","130","130","130","2.536286364832729","2.536286364832729","2.536286364832729"
"45","133","133","133","2.6113754511710012","2.6113754511710012","2.6113754511710012","133","133","133","2.0391917302390423","2.0391917302390423","2.0391917302390423","133","133","133","2.58781378373527","2.58781378373527","2.58781378373527","133","133","133","2.476900892656841","2.476900892656841","2.476900892656841","133","133","133","2.3325533294365606","2.3325533294365606","2.3325533294365606","133","133","133","2.5540610591208974","2.5540610591208974","2.5540610591208974","133","133","133","2.58781378373527","2.58781378373527","2.58781378373527","133","133","133","2.371289964238093","2.371289964238093","2.371289964238093","133","133","133","2.0391917302390423","2.0391917302390423","2.0391917302390423","133","133","133","2.15935545246157","2.15935545246157","2.15935545246157","133","133","133","2.5917025447142126","2.5917025447142126","2.5917025447142126","133","133","133","2.370749690757248","2.370749690757248","2.370749690757248","133","133","133","2.6113754511710012","2.6113754511710012","2.6113754511710012","133","133","133","2.371289964238093","2.371289964238093","2.371289964238093","133","133","133","2.5613629133202296","2.5613629133202296","2.5613629133202296","133","133","133","2.5540610591208974","2.5540610591208974","2.5540610591208974"
"46","136","136","136","2.4963352444456803","2.4963352444456803","2.4963352444456803","136","136","136","2.2384624509175715","2.2384624509175715","2.2384624509175715","136","136","136","2.5875551192666504","2.5875551192666504","2.5875551192666504","136","136","136","2.3665968916608997","2.3665968916608997","2.3665968916608997","136","136","136","2.356092695319831","2.356092695319831","2.356092695319831","136","136","136","2.561167503549669","2.561167503549669","2.561167503549669","136","136","136","2.5875551192666504","2.5875551192666504","2.5875551192666504","136","136","136","2.5797509946360355","2.5797509946360355","2.5797509946360355","136","136","136","2.2384624509175715","2.2384624509175715","2.2384624509175715","136","136","136","2.3073353187054213","2.3073353187054213","2.3073353187054213","136","136","136","2.663765886271462","2.663765886271462","2.663765886271462","136","136","136","2.5676175165049435","2.5676175165049435","2.5676175165049435","136","136","136","2.4963352444456803","2.4963352444456803","2.4963352444456803","136","136","136","2.5797509946360355","2.5797509946360355","2.5797509946360355","136","136","136","2.5121369603665316","2.5121369603665316","2.5121369603665316","136","136","136","2.561167503549669","2.561167503549669","2.561167503549669"
"47","139","139","139","2.295024402065214","2.295024402065214","2.295024402065214","139","139","139","2.513396921085955","2.513396921085955","2.513396921085955","139","139","139","2.655255449913607","2.655255449913607","2.655255449913607","139","139","139","2.2179336816806807","2.2179336816806807","2.2179336816806807","139","139","139","2.4047816392470476","2.4047816392470476","2.4047816392470476","139","139","139","2.555478022895575","2.555478022895575","2.555478022895575","139","139","139","2.655255449913607","2.655255449913607","2.655255449913607","139","139","139","2.718601761366274","2.718601761366274","2.718601761366274","139","139","139","2.513396921085955","2.513396921085955","2.513396921085955","139","139","139","2.4975594655362774","2.4975594655362774","2.4975594655362774","139","139","139","2.7634634259091175","2.7634634259091175","2.7634634259091175","139","139","139","2.652615896037366","2.652615896037366","2.652615896037366","139","139","139","2.295024402065214","2.295024402065214","2.295024402065214","139","139","139","2.718601761366274","2.718601761366274","2.718601761366274","139","139","139","2.456318076537682","2.456318076537682","2.456318076537682","139","139","139","2.555478022895575","2.555478022895575","2.555478022895575"
"48","142","142","142","2.001364850808621","2.001364850808621","2.001364850808621","142","142","142","2.6942282948362326","2.6942282948362326","2.6942282948362326","142","142","142","2.5316069061456945","2.5316069061456945","2.5316069061456945","142","142","142","2.0029584288966733","2.0029584288966733","2.0029584288966733","142","142","142","2.478605040458064","2.478605040458064","2.478605040458064","142","142","142","2.535851141858974","2.535851141858974","2.535851141858974","142","142","142","2.5316069061456945","2.5316069061456945","2.5316069061456945","142","142","142","2.8129860826409834","2.8129860826409834","2.8129860826409834","142","142","142","2.6942282948362326","2.6942282948362326","2.6942282948362326","142","142","142","2.6395956179214872","2.6395956179214872","2.6395956179214872","142","142","142","2.6146275561456744","2.6146275561456744","2.6146275561456744","142","142","142","2.6298297200997864","2.6298297200997864","2.6298297200997864","142","142","142","2.001364850808621","2.001364850808621","2.001364850808621","142","142","142","2.8129860826409834","2.8129860826409834","2.8129860826409834","142","142","142","2.4146278059559165","2.4146278059559165","2.4146278059559165","142","142","142","2.535851141858974","2.535851141858974","2.535851141858974"
"49","145","145","145","1.8892437588342035","1.8892437588342035","1.8892437588342035","145","145","145","2.7579695976540415","2.7579695976540415","2.7579695976540415","145","145","145","2.540555270575792","2.540555270575792","2.540555270575792","145","145","145","1.9190185856691082","1.9190185856691082","1.9190185856691082","145","145","145","2.5403493813502336","2.5403493813502336","2.5403493813502336","145","145","145","2.505215291862198","2.505215291862198","2.505215291862198","145","145","145","2.540555270575792","2.540555270575792","2.540555270575792","145","145","145","2.6241234659490207","2.6241234659490207","2.6241234659490207","145","145","145","2.7579695976540415","2.7579695976540415","2.7579695976540415","145","145","145","2.7416735139360418","2.7416735139360418","2.7416735139360418","145","145","145","2.4370714973781373","2.4370714973781373","2.4370714973781373","145","145","145","2.6554216951736507","2.6554216951736507","2.6554216951736507","145","145","145","1.8892437588342035","1.8892437588342035","1.8892437588342035","145","145","145","2.6241234659490207","2.6241234659490207","2.6241234659490207","145","145","145","2.405770299446588","2.405770299446588","2.405770299446588","145","145","145","2.505215291862198","2.505215291862198","2.505215291862198"