"ep0/time","clean-water-16 - _step","clean-water-16 - _step__MIN","clean-water-16 - _step__MAX","clean-water-16 - ep0/nusselt_obs","clean-water-16 - ep0/nusselt_obs__MIN","clean-water-16 - ep0/nusselt_obs__MAX"
"1.5","0","0","0","7.21614899918053e-12","7.21614899918053e-12","7.21614899918053e-12"
"3","1","1","1","1.6292635178384396e-11","1.6292635178384396e-11","1.6292635178384396e-11"
"4.5","2","2","2","4.915205984635402e-11","4.915205984635402e-11","4.915205984635402e-11"
"6","3","3","3","1.7021102860383975e-10","1.7021102860383975e-10","1.7021102860383975e-10"
"7.5","4","4","4","6.271097905354404e-10","6.271097905354404e-10","6.271097905354404e-10"
"9","5","5","5","2.4103698817731023e-9","2.4103698817731023e-9","2.4103698817731023e-9"
"10.5","6","6","6","9.53119122975286e-9","9.53119122975286e-9","9.53119122975286e-9"
"12","7","7","7","3.8659914077104876e-8","3.8659914077104876e-8","3.8659914077104876e-8"
"13.5","8","8","8","1.5988589443467552e-7","1.5988589443467552e-7","1.5988589443467552e-7"
"15","9","9","9","6.730562542092778e-7","6.730562542092778e-7","6.730562542092778e-7"
"16.5","10","10","10","0.0000028795352485443293","0.0000028795352485443293","0.0000028795352485443293"
"18","11","11","11","0.000012513265035661005","0.000012513265035661005","0.000012513265035661005"
"19.5","12","12","12","0.000055197241440875986","0.000055197241440875986","0.000055197241440875986"
"21","13","13","13","0.0002470514394281287","0.0002470514394281287","0.0002470514394281287"
"22.5","14","14","14","0.0011216375020206156","0.0011216375020206156","0.0011216375020206156"
"24","15","15","15","0.0051634225287011","0.0051634225287011","0.0051634225287011"
"25.5","16","16","16","0.02408563531207268","0.02408563531207268","0.02408563531207268"
"27","17","17","17","0.11360452137335396","0.11360452137335396","0.11360452137335396"
"28.5","18","18","18","0.5372482576421357","0.5372482576421357","0.5372482576421357"
"30","19","19","19","2.4637549475149303","2.4637549475149303","2.4637549475149303"
"31.5","20","20","20","9.605897645729147","9.605897645729147","9.605897645729147"
"33","21","21","21","20.809422856221726","20.809422856221726","20.809422856221726"
"34.5","22","22","22","16.84785079393837","16.84785079393837","16.84785079393837"
"36","23","23","23","6.503793383876302","6.503793383876302","6.503793383876302"
"37.5","24","24","24","4.337394072376217","4.337394072376217","4.337394072376217"
"39","25","25","25","6.560038234572016","6.560038234572016","6.560038234572016"
"40.5","26","26","26","10.421691675156552","10.421691675156552","10.421691675156552"
"42","27","27","27","9.37010797189933","9.37010797189933","9.37010797189933"
"43.5","28","28","28","8.031154679644047","8.031154679644047","8.031154679644047"
"45","29","29","29","8.064655382393028","8.064655382393028","8.064655382393028"
"46.5","30","30","30","5.882628586156878","5.882628586156878","5.882628586156878"
"48","31","31","31","3.5437148730560586","3.5437148730560586","3.5437148730560586"
"49.5","32","32","32","4.501080283079097","4.501080283079097","4.501080283079097"
"51","33","33","33","6.71680145623096","6.71680145623096","6.71680145623096"
"52.5","34","34","34","9.436866915081685","9.436866915081685","9.436866915081685"
"54","35","35","35","8.066888302620681","8.066888302620681","8.066888302620681"
"55.5","36","36","36","6.914863106695419","6.914863106695419","6.914863106695419"
"57","37","37","37","7.599046422850369","7.599046422850369","7.599046422850369"
"58.5","38","38","38","7.751007707917336","7.751007707917336","7.751007707917336"
"60","39","39","39","8.673453616397438","8.673453616397438","8.673453616397438"
"61.5","40","40","40","7.474856929111843","7.474856929111843","7.474856929111843"
"63","41","41","41","5.765388693179853","5.765388693179853","5.765388693179853"
"64.5","42","42","42","6.431074894387831","6.431074894387831","6.431074894387831"
"66","43","43","43","8.599035426651811","8.599035426651811","8.599035426651811"
"67.5","44","44","44","9.589542281236684","9.589542281236684","9.589542281236684"
"69","45","45","45","8.880709615281082","8.880709615281082","8.880709615281082"
"70.5","46","46","46","6.877710192115245","6.877710192115245","6.877710192115245"
"72","47","47","47","5.797945665574396","5.797945665574396","5.797945665574396"
"73.5","48","48","48","7.2456709037151645","7.2456709037151645","7.2456709037151645"
"75","49","49","49","9.417243237424403","9.417243237424403","9.417243237424403"
"76.5","50","50","50","9.80096449234822","9.80096449234822","9.80096449234822"
"78","51","51","51","7.2648387325067265","7.2648387325067265","7.2648387325067265"
"79.5","52","52","52","4.919585516910094","4.919585516910094","4.919585516910094"
"81","53","53","53","6.171448020952722","6.171448020952722","6.171448020952722"
"82.5","54","54","54","9.50928429791399","9.50928429791399","9.50928429791399"
"84","55","55","55","10.929023372557033","10.929023372557033","10.929023372557033"
"85.5","56","56","56","7.546750455355757","7.546750455355757","7.546750455355757"
"87","57","57","57","4.099406960608835","4.099406960608835","4.099406960608835"
"88.5","58","58","58","5.6154484202191775","5.6154484202191775","5.6154484202191775"
"90","59","59","59","9.83163104717638","9.83163104717638","9.83163104717638"
"91.5","60","60","60","11.500070421145612","11.500070421145612","11.500070421145612"
"93","61","61","61","7.093378450607372","7.093378450607372","7.093378450607372"
"94.5","62","62","62","3.1707940329875166","3.1707940329875166","3.1707940329875166"
"96","63","63","63","5.645271285038567","5.645271285038567","5.645271285038567"
"97.5","64","64","64","10.665037105536882","10.665037105536882","10.665037105536882"
"99","65","65","65","11.471506192005194","11.471506192005194","11.471506192005194"
"100.5","66","66","66","5.897846546128171","5.897846546128171","5.897846546128171"
"102","67","67","67","3.1239596277138184","3.1239596277138184","3.1239596277138184"
"103.5","68","68","68","6.780594671333419","6.780594671333419","6.780594671333419"
"105","69","69","69","11.389873269941571","11.389873269941571","11.389873269941571"
"106.5","70","70","70","10.338115112091414","10.338115112091414","10.338115112091414"
"108","71","71","71","4.627762407696341","4.627762407696341","4.627762407696341"
"109.5","72","72","72","3.9491308379162806","3.9491308379162806","3.9491308379162806"
"111","73","73","73","8.3028726362364","8.3028726362364","8.3028726362364"
"112.5","74","74","74","11.079939408495143","11.079939408495143","11.079939408495143"
"114","75","75","75","7.745548856149137","7.745548856149137","7.745548856149137"
"115.5","76","76","76","4.125464760202167","4.125464760202167","4.125464760202167"
"117","77","77","77","6.212478361344234","6.212478361344234","6.212478361344234"
"118.5","78","78","78","9.727686663981268","9.727686663981268","9.727686663981268"
"120","79","79","79","8.888179622963882","8.888179622963882","8.888179622963882"
"121.5","80","80","80","5.090709702672777","5.090709702672777","5.090709702672777"
"123","81","81","81","5.529625631067603","5.529625631067603","5.529625631067603"
"124.5","82","82","82","8.980874148962597","8.980874148962597","8.980874148962597"
"126","83","83","83","9.018051704022","9.018051704022","9.018051704022"
"127.5","84","84","84","4.91218203852121","4.91218203852121","4.91218203852121"
"129","85","85","85","4.649002007981404","4.649002007981404","4.649002007981404"
"130.5","86","86","86","8.942491181659356","8.942491181659356","8.942491181659356"
"132","87","87","87","10.247731863044296","10.247731863044296","10.247731863044296"
"133.5","88","88","88","5.149616217934712","5.149616217934712","5.149616217934712"
"135","89","89","89","3.190128677823453","3.190128677823453","3.190128677823453"
"136.5","90","90","90","7.985845273629779","7.985845273629779","7.985845273629779"
"138","91","91","91","11.409017936682657","11.409017936682657","11.409017936682657"
"139.5","92","92","92","6.793331335046439","6.793331335046439","6.793331335046439"
"141","93","93","93","2.4615506102431817","2.4615506102431817","2.4615506102431817"
"142.5","94","94","94","6.3778179482033215","6.3778179482033215","6.3778179482033215"
"144","95","95","95","11.198333954328797","11.198333954328797","11.198333954328797"
"145.5","96","96","96","8.709891957079996","8.709891957079996","8.709891957079996"
"147","97","97","97","3.157429776268556","3.157429776268556","3.157429776268556"
"148.5","98","98","98","5.236826758876416","5.236826758876416","5.236826758876416"
"150","99","99","99","9.995239886774483","9.995239886774483","9.995239886774483"
"151.5","100","100","100","9.149990628477772","9.149990628477772","9.149990628477772"
"153","101","101","101","4.15535711117298","4.15535711117298","4.15535711117298"
"154.5","102","102","102","5.231023926018191","5.231023926018191","5.231023926018191"
"156","103","103","103","9.430212014451753","9.430212014451753","9.430212014451753"
"157.5","104","104","104","8.676924967111098","8.676924967111098","8.676924967111098"
"159","105","105","105","4.073347928991542","4.073347928991542","4.073347928991542"
"160.5","106","106","106","5.3554529252148155","5.3554529252148155","5.3554529252148155"
"162","107","107","107","9.818761817685113","9.818761817685113","9.818761817685113"
"163.5","108","108","108","8.713776282225519","8.713776282225519","8.713776282225519"
"165","109","109","109","3.4130109294191993","3.4130109294191993","3.4130109294191993"
"166.5","110","110","110","4.99072652291838","4.99072652291838","4.99072652291838"
"168","111","111","111","10.217039682117738","10.217039682117738","10.217039682117738"
"169.5","112","112","112","9.47432340036595","9.47432340036595","9.47432340036595"
"171","113","113","113","3.3882134903383863","3.3882134903383863","3.3882134903383863"
"172.5","114","114","114","4.417729426803688","4.417729426803688","4.417729426803688"
"174","115","115","115","9.87490662803516","9.87490662803516","9.87490662803516"
"175.5","116","116","116","9.987274112649613","9.987274112649613","9.987274112649613"
"177","117","117","117","4.071939725603655","4.071939725603655","4.071939725603655"
"178.5","118","118","118","4.26007914789253","4.26007914789253","4.26007914789253"
"180","119","119","119","9.273244276815214","9.273244276815214","9.273244276815214"
"181.5","120","120","120","9.734992073262825","9.734992073262825","9.734992073262825"
"183","121","121","121","4.502704090660231","4.502704090660231","4.502704090660231"
"184.5","122","122","122","4.566378045843225","4.566378045843225","4.566378045843225"
"186","123","123","123","9.180495541762197","9.180495541762197","9.180495541762197"
"187.5","124","124","124","9.284828258909943","9.284828258909943","9.284828258909943"
"189","125","125","125","4.226030933695101","4.226030933695101","4.226030933695101"
"190.5","126","126","126","4.756519753474178","4.756519753474178","4.756519753474178"
"192","127","127","127","9.555153042806737","9.555153042806737","9.555153042806737"
"193.5","128","128","128","9.293965934226902","9.293965934226902","9.293965934226902"
"195","129","129","129","3.8013431572209746","3.8013431572209746","3.8013431572209746"
"196.5","130","130","130","4.614387062761728","4.614387062761728","4.614387062761728"
"198","131","131","131","9.79858520767395","9.79858520767395","9.79858520767395"
"199.5","132","132","132","9.642911588006474","9.642911588006474","9.642911588006474"
"201","133","133","133","3.803199570926022","3.803199570926022","3.803199570926022"
"202.5","134","134","134","4.401320838876092","4.401320838876092","4.401320838876092"
"204","135","135","135","9.632262958503246","9.632262958503246","9.632262958503246"
"205.5","136","136","136","9.790963414639107","9.790963414639107","9.790963414639107"
"207","137","137","137","4.11921987714659","4.11921987714659","4.11921987714659"
"208.5","138","138","138","4.430026504367278","4.430026504367278","4.430026504367278"
"210","139","139","139","9.384323557175623","9.384323557175623","9.384323557175623"
"211.5","140","140","140","9.570444924215714","9.570444924215714","9.570444924215714"
"213","141","141","141","4.248635616529403","4.248635616529403","4.248635616529403"
"214.5","142","142","142","4.644301097354262","4.644301097354262","4.644301097354262"
"216","143","143","143","9.419081417174823","9.419081417174823","9.419081417174823"
"217.5","144","144","144","9.316714024650311","9.316714024650311","9.316714024650311"
"219","145","145","145","4.03991178429814","4.03991178429814","4.03991178429814"
"220.5","146","146","146","4.763748284460543","4.763748284460543","4.763748284460543"
"222","147","147","147","9.657667292587448","9.657667292587448","9.657667292587448"
"223.5","148","148","148","9.319376182026119","9.319376182026119","9.319376182026119"
"225","149","149","149","3.802422903020751","3.802422903020751","3.802422903020751"
"226.5","150","150","150","4.710141936280578","4.710141936280578","4.710141936280578"
"228","151","151","151","9.786583323051513","9.786583323051513","9.786583323051513"
"229.5","152","152","152","9.472177707434765","9.472177707434765","9.472177707434765"
"231","153","153","153","3.8038552540782824","3.8038552540782824","3.8038552540782824"
"232.5","154","154","154","4.636806449192234","4.636806449192234","4.636806449192234"
"234","155","155","155","9.705573312302777","9.705573312302777","9.705573312302777"
"235.5","156","156","156","9.503607131499828","9.503607131499828","9.503607131499828"
"237","157","157","157","3.9510306188647695","3.9510306188647695","3.9510306188647695"
"238.5","158","158","158","4.689790378866896","4.689790378866896","4.689790378866896"
"240","159","159","159","9.604762212446316","9.604762212446316","9.604762212446316"
"241.5","160","160","160","9.356045157594252","9.356045157594252","9.356045157594252"
"243","161","161","161","3.9861191540952103","3.9861191540952103","3.9861191540952103"
"244.5","162","162","162","4.822166425424176","4.822166425424176","4.822166425424176"
"246","163","163","163","9.653927853459786","9.653927853459786","9.653927853459786"
"247.5","164","164","164","9.209192829490446","9.209192829490446","9.209192829490446"
"249","165","165","165","3.857160742006872","3.857160742006872","3.857160742006872"
"250.5","166","166","166","4.8978343802762545","4.8978343802762545","4.8978343802762545"
"252","167","167","167","9.79137737469014","9.79137737469014","9.79137737469014"
"253.5","168","168","168","9.196125490546184","9.196125490546184","9.196125490546184"
"255","169","169","169","3.732907183022352","3.732907183022352","3.732907183022352"
"256.5","170","170","170","4.88652834278722","4.88652834278722","4.88652834278722"
"258","171","171","171","9.858229951693561","9.858229951693561","9.858229951693561"
"259.5","172","172","172","9.248668848452247","9.248668848452247","9.248668848452247"
"261","173","173","173","3.7347793666341054","3.7347793666341054","3.7347793666341054"
"262.5","174","174","174","4.8719594130387955","4.8719594130387955","4.8719594130387955"
"264","175","175","175","9.821146030455226","9.821146030455226","9.821146030455226"
"265.5","176","176","176","9.231264785163836","9.231264785163836","9.231264785163836"
"267","177","177","177","3.795798802989853","3.795798802989853","3.795798802989853"
"268.5","178","178","178","4.922662619956102","4.922662619956102","4.922662619956102"
"270","179","179","179","9.78538283890352","9.78538283890352","9.78538283890352"
"271.5","180","180","180","9.127688037918809","9.127688037918809","9.127688037918809"
"273","181","181","181","3.7901780632731246","3.7901780632731246","3.7901780632731246"
"274.5","182","182","182","5.008281878749253","5.008281878749253","5.008281878749253"
"276","183","183","183","9.828666304715652","9.828666304715652","9.828666304715652"
"277.5","184","184","184","9.0339142589299","9.0339142589299","9.0339142589299"
"279","185","185","185","3.708193767975707","3.708193767975707","3.708193767975707"
"280.5","186","186","186","5.061378169009196","5.061378169009196","5.061378169009196"
"282","187","187","187","9.909512702682314","9.909512702682314","9.909512702682314"
"283.5","188","188","188","9.010585638815876","9.010585638815876","9.010585638815876"
"285","189","189","189","3.6394315538321043","3.6394315538321043","3.6394315538321043"
"286.5","190","190","190","5.071511319686972","5.071511319686972","5.071511319686972"
"288","191","191","191","9.948421990621869","9.948421990621869","9.948421990621869"
"289.5","192","192","192","9.01594445023841","9.01594445023841","9.01594445023841"
"291","193","193","193","3.635075856318948","3.635075856318948","3.635075856318948"
"292.5","194","194","194","5.0838823186882465","5.0838823186882465","5.0838823186882465"
"294","195","195","195","9.937121866847848","9.937121866847848","9.937121866847848"
"295.5","196","196","196","8.982733026715568","8.982733026715568","8.982733026715568"
"297","197","197","197","3.6533748618129263","3.6533748618129263","3.6533748618129263"
"298.5","198","198","198","5.130328636414101","5.130328636414101","5.130328636414101"
"300","199","199","199","9.932345556354267","9.932345556354267","9.932345556354267"
"301.5","200","200","200","8.908940705142335","8.908940705142335","8.908940705142335"
"303","201","201","201","3.634942797731116","3.634942797731116","3.634942797731116"
"304.5","202","202","202","5.192132872033265","5.192132872033265","5.192132872033265"
"306","203","203","203","9.968576917011308","9.968576917011308","9.968576917011308"
"307.5","204","204","204","8.844752256753058","8.844752256753058","8.844752256753058"
"309","205","205","205","3.5822774694528734","3.5822774694528734","3.5822774694528734"
"310.5","206","206","206","5.235854938375659","5.235854938375659","5.235854938375659"
"312","207","207","207","10.019871495430092","10.019871495430092","10.019871495430092"
"313.5","208","208","208","8.816930198846991","8.816930198846991","8.816930198846991"
"315","209","209","209","3.5412008049604125","3.5412008049604125","3.5412008049604125"
"316.5","210","210","210","5.25891004917025","5.25891004917025","5.25891004917025"
"318","211","211","211","10.047069656402101","10.047069656402101","10.047069656402101"
"319.5","212","212","212","8.800837994672685","8.800837994672685","8.800837994672685"
"321","213","213","213","3.532651051477836","3.532651051477836","3.532651051477836"
"322.5","214","214","214","5.28531330828236","5.28531330828236","5.28531330828236"
"324","215","215","215","10.050342897662764","10.050342897662764","10.050342897662764"
"325.5","216","216","216","8.763504711784561","8.763504711784561","8.763504711784561"
"327","217","217","217","3.532603002543341","3.532603002543341","3.532603002543341"
"328.5","218","218","218","5.329443420960771","5.329443420960771","5.329443420960771"
"330","219","219","219","10.059630387093431","10.059630387093431","10.059630387093431"
"331.5","220","220","220","8.706912430331732","8.706912430331732","8.706912430331732"
"333","221","221","221","3.5131932042457588","3.5131932042457588","3.5131932042457588"
"334.5","222","222","222","5.380192951979026","5.380192951979026","5.380192951979026"
"336","223","223","223","10.08966811689169","10.08966811689169","10.08966811689169"
"337.5","224","224","224","8.656982934462189","8.656982934462189","8.656982934462189"
"339","225","225","225","3.478719941781644","3.478719941781644","3.478719941781644"
"340.5","226","226","226","5.421101075593567","5.421101075593567","5.421101075593567"
"342","227","227","227","10.125020305249873","10.125020305249873","10.125020305249873"
"343.5","228","228","228","8.625154334633628","8.625154334633628","8.625154334633628"
"345","229","229","229","3.452272329806924","3.452272329806924","3.452272329806924"
"346.5","230","230","230","5.452272760245904","5.452272760245904","5.452272760245904"
"348","231","231","231","10.146749265452407","10.146749265452407","10.146749265452407"
"349.5","232","232","232","8.597370715875158","8.597370715875158","8.597370715875158"
"351","233","233","233","3.4421643124179604","3.4421643124179604","3.4421643124179604"
"352.5","234","234","234","5.48626430134111","5.48626430134111","5.48626430134111"
"354","235","235","235","10.157142619590832","10.157142619590832","10.157142619590832"
"355.5","236","236","236","8.557705458032885","8.557705458032885","8.557705458032885"
"357","237","237","237","3.4350831314973806","3.4350831314973806","3.4350831314973806"
"358.5","238","238","238","5.52939203932452","5.52939203932452","5.52939203932452"
"360","239","239","239","10.171736682628069","10.171736682628069","10.171736682628069"
"361.5","240","240","240","8.50871131475484","8.50871131475484","8.50871131475484"
"363","241","241","241","3.4180516322548975","3.4180516322548975","3.4180516322548975"
"364.5","242","242","242","5.575257334550176","5.575257334550176","5.575257334550176"
"366","243","243","243","10.196518105397383","10.196518105397383","10.196518105397383"
"367.5","244","244","244","8.463708929111755","8.463708929111755","8.463708929111755"
"369","245","245","245","3.3946047378405786","3.3946047378405786","3.3946047378405786"
"370.5","246","246","246","5.615824926741784","5.615824926741784","5.615824926741784"
"372","247","247","247","10.22263799899837","10.22263799899837","10.22263799899837"
"373.5","248","248","248","8.427391819587","8.427391819587","8.427391819587"
"375","249","249","249","3.3762850343440487","3.3762850343440487","3.3762850343440487"
"376.5","250","250","250","5.651872962233368","5.651872962233368","5.651872962233368"
"378","251","251","251","10.241120329657804","10.241120329657804","10.241120329657804"
"379.5","252","252","252","8.391941069311905","8.391941069311905","8.391941069311905"
"381","253","253","253","3.366170117620902","3.366170117620902","3.366170117620902"
"382.5","254","254","254","5.6898951929207096","5.6898951929207096","5.6898951929207096"
"384","255","255","255","10.254211323462124","10.254211323462124","10.254211323462124"
"385.5","256","256","256","8.349787123067589","8.349787123067589","8.349787123067589"
"387","257","257","257","3.3570661997604847","3.3570661997604847","3.3570661997604847"
"388.5","258","258","258","5.73258433037386","5.73258433037386","5.73258433037386"
"390","259","259","259","10.26985507091448","10.26985507091448","10.26985507091448"
"391.5","260","260","260","8.303037234637644","8.303037234637644","8.303037234637644"
"393","261","261","261","3.343016198504605","3.343016198504605","3.343016198504605"
"394.5","262","262","262","5.776327094718805","5.776327094718805","5.776327094718805"
"396","263","263","263","10.290294841243798","10.290294841243798","10.290294841243798"
"397.5","264","264","264","8.258497104384878","8.258497104384878","8.258497104384878"
"399","265","265","265","3.32646839186937","3.32646839186937","3.32646839186937"
"400.5","266","266","266","5.8172401464291905","5.8172401464291905","5.8172401464291905"
"402","267","267","267","10.310606481081129","10.310606481081129","10.310606481081129"
"403.5","268","268","268","8.217982242818817","8.217982242818817","8.217982242818817"
"405","269","269","269","3.3131186730331543","3.3131186730331543","3.3131186730331543"
"406.5","270","270","270","5.856084383503584","5.856084383503584","5.856084383503584"
"408","271","271","271","10.326622792579414","10.326622792579414","10.326622792579414"
"409.5","272","272","272","8.17722245488923","8.17722245488923","8.17722245488923"
"411","273","273","273","3.3039639957855274","3.3039639957855274","3.3039639957855274"
"412.5","274","274","274","5.896196126829471","5.896196126829471","5.896196126829471"
"414","275","275","275","10.34001045775364","10.34001045775364","10.34001045775364"
"415.5","276","276","276","8.132689223970647","8.132689223970647","8.132689223970647"
"417","277","277","277","3.295182868202999","3.295182868202999","3.295182868202999"
"418.5","278","278","278","5.938668428065413","5.938668428065413","5.938668428065413"
"420","279","279","279","10.354769119192122","10.354769119192122","10.354769119192122"
"421.5","280","280","280","8.085864428483848","8.085864428483848","8.085864428483848"
"423","281","281","281","3.284109929647462","3.284109929647462","3.284109929647462"
"424.5","282","282","282","5.981496045011825","5.981496045011825","5.981496045011825"
"426","283","283","283","10.371623206984163","10.371623206984163","10.371623206984163"
"427.5","284","284","284","8.040208084522046","8.040208084522046","8.040208084522046"
"429","285","285","285","3.272292355809651","3.272292355809651","3.272292355809651"
"430.5","286","286","286","6.022817635867813","6.022817635867813","6.022817635867813"
"432","287","287","287","10.387890851370573","10.387890851370573","10.387890851370573"
"433.5","288","288","288","7.996346553067222","7.996346553067222","7.996346553067222"
"435","289","289","289","3.2625081143177455","3.2625081143177455","3.2625081143177455"
"436.5","290","290","290","6.063211266276071","6.063211266276071","6.063211266276071"
"438","291","291","291","10.401687548499988","10.401687548499988","10.401687548499988"
"439.5","292","292","292","7.95198728393199","7.95198728393199","7.95198728393199"
"441","293","293","293","3.254972070150614","3.254972070150614","3.254972070150614"
"442.5","294","294","294","6.104374665255415","6.104374665255415","6.104374665255415"
"444","295","295","295","10.414104378792626","10.414104378792626","10.414104378792626"
"445.5","296","296","296","7.905522732251506","7.905522732251506","7.905522732251506"
"447","297","297","297","3.24769598303934","3.24769598303934","3.24769598303934"
"448.5","298","298","298","6.146718835999371","6.146718835999371","6.146718835999371"
"450","299","299","299","10.42712440801677","10.42712440801677","10.42712440801677"
"451.5","300","300","300","7.857913383906084","7.857913383906084","7.857913383906084"
"453","301","301","301","3.239522489674577","3.239522489674577","3.239522489674577"
"454.5","302","302","302","6.18914432032478","6.18914432032478","6.18914432032478"
"456","303","303","303","10.440899421524463","10.440899421524463","10.440899421524463"
"457.5","304","304","304","7.810901320777151","7.810901320777151","7.810901320777151"
"459","305","305","305","3.2313743760034193","3.2313743760034193","3.2313743760034193"
"460.5","306","306","306","6.230769481884859","6.230769481884859","6.230769481884859"
"462","307","307","307","10.453999285901306","10.453999285901306","10.453999285901306"
"463.5","308","308","308","7.764656562171382","7.764656562171382","7.764656562171382"
"465","309","309","309","3.2245844455473156","3.2245844455473156","3.2245844455473156"
"466.5","310","310","310","6.271983147441828","6.271983147441828","6.271983147441828"
"468","311","311","311","10.465593124187725","10.465593124187725","10.465593124187725"
"469.5","312","312","312","7.717969260558676","7.717969260558676","7.717969260558676"
"471","313","313","313","3.2191218977072316","3.2191218977072316","3.2191218977072316"
"472.5","314","314","314","6.313643298482412","6.313643298482412","6.313643298482412"
"474","315","315","315","10.47634820056122","10.47634820056122","10.47634820056122"
"475.5","316","316","316","7.670127798898924","7.670127798898924","7.670127798898924"
"477","317","317","317","3.2139673558574993","3.2139673558574993","3.2139673558574993"
"478.5","318","318","318","6.355883486404025","6.355883486404025","6.355883486404025"
"480","319","319","319","10.487229436188361","10.487229436188361","10.487229436188361"
"481.5","320","320","320","7.621722070264848","7.621722070264848","7.621722070264848"
"483","321","321","321","3.2086371273908703","3.2086371273908703","3.2086371273908703"
"484.5","322","322","322","6.398101990703918","6.398101990703918","6.398101990703918"
"486","323","323","323","10.498206276874908","10.498206276874908","10.498206276874908"
"487.5","324","324","324","7.573622376382786","7.573622376382786","7.573622376382786"
"489","325","325","325","3.2036602433963726","3.2036602433963726","3.2036602433963726"
"490.5","326","326","326","6.4398917506652404","6.4398917506652404","6.4398917506652404"
"492","327","327","327","10.508522752718143","10.508522752718143","10.508522752718143"
"493.5","328","328","328","7.525844487159442","7.525844487159442","7.525844487159442"
"495","329","329","329","3.1996657753087008","3.1996657753087008","3.1996657753087008"
"496.5","330","330","330","6.481496214222768","6.481496214222768","6.481496214222768"
"498","331","331","331","10.517826012055515","10.517826012055515","10.517826012055515"
"499.5","332","332","332","7.477757113516994","7.477757113516994","7.477757113516994"
"501","333","333","333","3.1965660030218017","3.1965660030218017","3.1965660030218017"
"502.5","334","334","334","6.523342154476731","6.523342154476731","6.523342154476731"
"504","335","335","335","10.526506360078","10.526506360078","10.526506360078"
"505.5","336","336","336","7.429057177560934","7.429057177560934","7.429057177560934"
"507","337","337","337","3.193852347044408","3.193852347044408","3.193852347044408"
"508.5","338","338","338","6.565458154383035","6.565458154383035","6.565458154383035"
"510","339","339","339","10.535022109699241","10.535022109699241","10.535022109699241"
"511.5","340","340","340","7.380098023763394","7.380098023763394","7.380098023763394"
"513","341","341","341","3.1913291619714474","3.1913291619714474","3.1913291619714474"
"514.5","342","342","342","6.607518466806283","6.607518466806283","6.607518466806283"
"516","343","343","343","10.543300325100724","10.543300325100724","10.543300325100724"
"517.5","344","344","344","7.331311846130037","7.331311846130037","7.331311846130037"
"519","345","345","345","3.189291394339281","3.189291394339281","3.189291394339281"
"520.5","346","346","346","6.64933779534268","6.64933779534268","6.64933779534268"
"522","347","347","347","10.550951686710643","10.550951686710643","10.550951686710643"
"523.5","348","348","348","7.28267055451454","7.28267055451454","7.28267055451454"
"525","349","349","349","3.188027830564463","3.188027830564463","3.188027830564463"
"526.5","350","350","350","6.6910625044388405","6.6910625044388405","6.6910625044388405"
"528","351","351","351","10.557829337272798","10.557829337272798","10.557829337272798"
"529.5","352","352","352","7.233849387400677","7.233849387400677","7.233849387400677"
"531","353","353","353","3.1874655348284766","3.1874655348284766","3.1874655348284766"
"532.5","354","354","354","6.732902530977789","6.732902530977789","6.732902530977789"
"534","355","355","355","10.564152084242737","10.564152084242737","10.564152084242737"
"535.5","356","356","356","7.1847335201552465","7.1847335201552465","7.1847335201552465"
"537","357","357","357","3.18734923176652","3.18734923176652","3.18734923176652"
"538.5","358","358","358","6.774848018767834","6.774848018767834","6.774848018767834"
"540","359","359","359","10.570131835741819","10.570131835741819","10.570131835741819"
"541.5","360","360","360","7.135525497517503","7.135525497517503","7.135525497517503"
"543","361","361","361","3.187605985560077","3.187605985560077","3.187605985560077"
"544.5","362","362","362","6.816725991644794","6.816725991644794","6.816725991644794"
"546","363","363","363","10.575702555285714","10.575702555285714","10.575702555285714"
"547.5","364","364","364","7.086437720418393","7.086437720418393","7.086437720418393"
"549","365","365","365","3.1883962057289232","3.1883962057289232","3.1883962057289232"
"550.5","366","366","366","6.858454150408047","6.858454150408047","6.858454150408047"
"552","367","367","367","10.580668104659768","10.580668104659768","10.580668104659768"
"553.5","368","368","368","7.037440620282841","7.037440620282841","7.037440620282841"
"555","369","369","369","3.1898487619794214","3.1898487619794214","3.1898487619794214"
"556.5","370","370","370","6.900114794258214","6.900114794258214","6.900114794258214"
"558","371","371","371","10.584965404237153","10.584965404237153","10.584965404237153"
"559.5","372","372","372","6.988375019615036","6.988375019615036","6.988375019615036"
"561","373","373","373","3.191914619757908","3.191914619757908","3.191914619757908"
"562.5","374","374","374","6.94181190601764","6.94181190601764","6.94181190601764"
"564","375","375","375","10.588715685175675","10.588715685175675","10.588715685175675"
"565.5","376","376","376","6.939199029600289","6.939199029600289","6.939199029600289"
"567","377","377","377","3.19446392373885","3.19446392373885","3.19446392373885"
"568.5","378","378","378","6.9835242948741865","6.9835242948741865","6.9835242948741865"
"570","379","379","379","10.592014552534737","10.592014552534737","10.592014552534737"
"571.5","380","380","380","6.890028460490972","6.890028460490972","6.890028460490972"
"573","381","381","381","3.1974757295149043","3.1974757295149043","3.1974757295149043"
"574.5","382","382","382","7.025162269483465","7.025162269483465","7.025162269483465"
"576","383","383","383","10.594813710975052","10.594813710975052","10.594813710975052"
"577.5","384","384","384","6.840973208824442","6.840973208824442","6.840973208824442"
"579","385","385","385","3.201032582691485","3.201032582691485","3.201032582691485"
"580.5","386","386","386","7.066686405078708","7.066686405078708","7.066686405078708"
"582","387","387","387","10.597010656103032","10.597010656103032","10.597010656103032"
"583.5","388","388","388","6.792007648502303","6.792007648502303","6.792007648502303"
"585","389","389","389","3.2051918955851932","3.2051918955851932","3.2051918955851932"
"586.5","390","390","390","7.108146968237544","7.108146968237544","7.108146968237544"
"588","391","391","391","10.598586661154464","10.598586661154464","10.598586661154464"
"589.5","392","392","392","6.743055886848532","6.743055886848532","6.743055886848532"
"591","393","393","393","3.2099204035490714","3.2099204035490714","3.2099204035490714"
"592.5","394","394","394","7.149588804632166","7.149588804632166","7.149588804632166"
"594","395","395","395","10.599599877660324","10.599599877660324","10.599599877660324"
"595.5","396","396","396","6.694110038909776","6.694110038909776","6.694110038909776"
"597","397","397","397","3.215156012575464","3.215156012575464","3.215156012575464"
"598.5","398","398","398","7.190996144355868","7.190996144355868","7.190996144355868"
"600","399","399","399","10.600096629721563","10.600096629721563","10.600096629721563"
"601.5","400","400","400","6.645235155551196","6.645235155551196","6.645235155551196"
"603","401","401","401","3.220895026592488","3.220895026592488","3.220895026592488"
"604.5","402","402","402","7.232318228021441","7.232318228021441","7.232318228021441"
"606","403","403","403","10.6000443919056","10.6000443919056","10.6000443919056"
"607.5","404","404","404","6.596486924255849","6.596486924255849","6.596486924255849"
"609","405","405","405","3.2271746527237766","3.2271746527237766","3.2271746527237766"
"610.5","406","406","406","7.273540271341348","7.273540271341348","7.273540271341348"
"612","407","407","407","10.599390926396469","10.599390926396469","10.599390926396469"
"613.5","408","408","408","6.547850560736198","6.547850560736198","6.547850560736198"
"615","409","409","409","3.2340244595444045","3.2340244595444045","3.2340244595444045"
"616.5","410","410","410","7.314686421985233","7.314686421985233","7.314686421985233"
"618","411","411","411","10.59812834824082","10.59812834824082","10.59812834824082"
"619.5","412","412","412","6.499292553940492","6.499292553940492","6.499292553940492"
"621","413","413","413","3.24142054578952","3.24142054578952","3.24142054578952"
"622.5","414","414","414","7.3557783635748155","7.3557783635748155","7.3557783635748155"
"624","415","415","415","10.596296082205416","10.596296082205416","10.596296082205416"
"625.5","416","416","416","6.450814875107071","6.450814875107071","6.450814875107071"
"627","417","417","417","3.249333342884049","3.249333342884049","3.249333342884049"
"628.5","418","418","418","7.396801311822559","7.396801311822559","7.396801311822559"
"630","419","419","419","10.59390398448195","10.59390398448195","10.59390398448195"
"631.5","420","420","420","6.40245842743145","6.40245842743145","6.40245842743145"
"633","421","421","421","3.257761865208823","3.257761865208823","3.257761865208823"
"634.5","422","422","422","7.437728655010898","7.437728655010898","7.437728655010898"
"636","423","423","423","10.59094022764039","10.59094022764039","10.59094022764039"
"637.5","424","424","424","6.3542498226312","6.3542498226312","6.3542498226312"
"639","425","425","425","3.266729028409524","3.266729028409524","3.266729028409524"
"640.5","426","426","426","7.478553493805647","7.478553493805647","7.478553493805647"
"642","427","427","427","10.587378199963172","10.587378199963172","10.587378199963172"
"643.5","428","428","428","6.306186596658395","6.306186596658395","6.306186596658395"
"645","429","429","429","3.276239514177205","3.276239514177205","3.276239514177205"
"646.5","430","430","430","7.519287162827252","7.519287162827252","7.519287162827252"
"648","431","431","431","10.583215930211956","10.583215930211956","10.583215930211956"
"649.5","432","432","432","6.2582519939871615","6.2582519939871615","6.2582519939871615"
"651","433","433","433","3.2862846983441365","3.2862846983441365","3.2862846983441365"
"652.5","434","434","434","7.559939518267405","7.559939518267405","7.559939518267405"
"654","435","435","435","10.578476087627633","10.578476087627633","10.578476087627633"
"655.5","436","436","436","6.210453899570851","6.210453899570851","6.210453899570851"
"657","437","437","437","3.296846839765274","3.296846839765274","3.296846839765274"
"658.5","438","438","438","7.60049922550566","7.60049922550566","7.60049922550566"
"660","439","439","439","10.573165571544386","10.573165571544386","10.573165571544386"
"661.5","440","440","440","6.162818432317446","6.162818432317446","6.162818432317446"
"663","441","441","441","3.3079274168693718","3.3079274168693718","3.3079274168693718"
"664.5","442","442","442","7.640949036206558","7.640949036206558","7.640949036206558"
"666","443","443","443","10.567273540151357","10.567273540151357","10.567273540151357"
"667.5","444","444","444","6.115358405276146","6.115358405276146","6.115358405276146"
"669","445","445","445","3.319534561014575","3.319534561014575","3.319534561014575"
"670.5","446","446","446","7.681290428798851","7.681290428798851","7.681290428798851"
"672","447","447","447","10.56079013725685","10.56079013725685","10.56079013725685"
"673.5","448","448","448","6.068077268114042","6.068077268114042","6.068077268114042"
"675","449","449","449","3.3316717218679743","3.3316717218679743","3.3316717218679743"
"676.5","450","450","450","7.721522417663372","7.721522417663372","7.721522417663372"
"678","451","451","451","10.553721276575885","10.553721276575885","10.553721276575885"
"679.5","452","452","452","6.020974035211965","6.020974035211965","6.020974035211965"
"681","453","453","453","3.344329289642672","3.344329289642672","3.344329289642672"
"682.5","454","454","454","7.761649930895965","7.761649930895965","7.761649930895965"
"684","455","455","455","10.546077799919319","10.546077799919319","10.546077799919319"
"685.5","456","456","456","5.974048706569915","5.974048706569915","5.974048706569915"
"687","457","457","457","3.3574998721948996","3.3574998721948996","3.3574998721948996"
"688.5","458","458","458","7.801664590733694","7.801664590733694","7.801664590733694"
"690","459","459","459","10.537864635382999","10.537864635382999","10.537864635382999"
"691.5","460","460","460","5.927324937047952","5.927324937047952","5.927324937047952"
"693","461","461","461","3.3711822375006957","3.3711822375006957","3.3711822375006957"
"694.5","462","462","462","7.841559990651959","7.841559990651959","7.841559990651959"
"696","463","463","463","10.529079811728586","10.529079811728586","10.529079811728586"
"697.5","464","464","464","5.880811104409011","5.880811104409011","5.880811104409011"
"699","465","465","465","3.3853798352271514","3.3853798352271514","3.3853798352271514"