"ep0/time","classic-sun-649-134990 - _step","classic-sun-649-134990 - _step__MIN","classic-sun-649-134990 - _step__MAX","classic-sun-649-134990 - ep0/nusselt_obs","classic-sun-649-134990 - ep0/nusselt_obs__MIN","classic-sun-649-134990 - ep0/nusselt_obs__MAX"
"1.5","0","0","0","14.824812220100938","14.824812220100938","14.824812220100938"
"3","1","1","1","8.787743073504998","8.787743073504998","8.787743073504998"
"4.5","2","2","2","7.298077935763749","7.298077935763749","7.298077935763749"
"6","3","3","3","14.938737547796373","14.938737547796373","14.938737547796373"
"7.5","4","4","4","13.876810557159047","13.876810557159047","13.876810557159047"
"9","5","5","5","4.180546734658975","4.180546734658975","4.180546734658975"
"10.5","6","6","6","9.081059027180913","9.081059027180913","9.081059027180913"
"12","7","7","7","19.315841082186882","19.315841082186882","19.315841082186882"
"13.5","8","8","8","14.334900896275176","14.334900896275176","14.334900896275176"
"15","9","9","9","1.7901491504207898","1.7901491504207898","1.7901491504207898"
"16.5","10","10","10","8.716113521092968","8.716113521092968","8.716113521092968"
"18","11","11","11","18.845035751433265","18.845035751433265","18.845035751433265"
"19.5","12","12","12","15.409742353844708","15.409742353844708","15.409742353844708"
"21","13","13","13","5.36425339272123","5.36425339272123","5.36425339272123"
"22.5","14","14","14","8.066230023707236","8.066230023707236","8.066230023707236"
"24","15","15","15","14.048784754017966","14.048784754017966","14.048784754017966"
"25.5","16","16","16","12.234292799638425","12.234292799638425","12.234292799638425"
"27","17","17","17","8.539264646719396","8.539264646719396","8.539264646719396"
"28.5","18","18","18","12.95176647471816","12.95176647471816","12.95176647471816"
"30","19","19","19","12.155192274078933","12.155192274078933","12.155192274078933"
"31.5","20","20","20","6.0634524815236","6.0634524815236","6.0634524815236"
"33","21","21","21","8.440063868415653","8.440063868415653","8.440063868415653"
"34.5","22","22","22","17.256810338092404","17.256810338092404","17.256810338092404"
"36","23","23","23","16.482779183357344","16.482779183357344","16.482779183357344"
"37.5","24","24","24","4.863190932400547","4.863190932400547","4.863190932400547"
"39","25","25","25","3.4179955389749725","3.4179955389749725","3.4179955389749725"
"40.5","26","26","26","16.45331294216582","16.45331294216582","16.45331294216582"
"42","27","27","27","19.176574600058647","19.176574600058647","19.176574600058647"
"43.5","28","28","28","6.659009739513474","6.659009739513474","6.659009739513474"
"45","29","29","29","4.886544736289689","4.886544736289689","4.886544736289689"
"46.5","30","30","30","12.798089460947336","12.798089460947336","12.798089460947336"
"48","31","31","31","15.459548841494442","15.459548841494442","15.459548841494442"
"49.5","32","32","32","8.78477042409349","8.78477042409349","8.78477042409349"
"51","33","33","33","10.11821991325849","10.11821991325849","10.11821991325849"
"52.5","34","34","34","13.524510693875664","13.524510693875664","13.524510693875664"
"54","35","35","35","8.520505397811895","8.520505397811895","8.520505397811895"
"55.5","36","36","36","6.029558044629424","6.029558044629424","6.029558044629424"
"57","37","37","37","14.66847189946549","14.66847189946549","14.66847189946549"
"58.5","38","38","38","18.14462344765482","18.14462344765482","18.14462344765482"
"60","39","39","39","7.19862781334161","7.19862781334161","7.19862781334161"
"61.5","40","40","40","2.2977362450395806","2.2977362450395806","2.2977362450395806"
"63","41","41","41","12.824905641680528","12.824905641680528","12.824905641680528"
"64.5","42","42","42","19.876910542200832","19.876910542200832","19.876910542200832"
"66","43","43","43","9.583647941026404","9.583647941026404","9.583647941026404"
"67.5","44","44","44","3.7808909688894747","3.7808909688894747","3.7808909688894747"
"69","45","45","45","12.077512230793932","12.077512230793932","12.077512230793932"
"70.5","46","46","46","20.21023687647497","20.21023687647497","20.21023687647497"
"72","47","47","47","13.276718742616021","13.276718742616021","13.276718742616021"
"73.5","48","48","48","4.380670713684321","4.380670713684321","4.380670713684321"
"75","49","49","49","8.449449336872178","8.449449336872178","8.449449336872178"
"76.5","50","50","50","16.492405424728197","16.492405424728197","16.492405424728197"
"78","51","51","51","12.264813298930546","12.264813298930546","12.264813298930546"
"79.5","52","52","52","7.487657385782212","7.487657385782212","7.487657385782212"
"81","53","53","53","11.001561971097905","11.001561971097905","11.001561971097905"
"82.5","54","54","54","11.516014210576488","11.516014210576488","11.516014210576488"
"84","55","55","55","7.258356638502791","7.258356638502791","7.258356638502791"
"85.5","56","56","56","9.63710030720732","9.63710030720732","9.63710030720732"
"87","57","57","57","17.340543209851482","17.340543209851482","17.340543209851482"
"88.5","58","58","58","14.01179455405382","14.01179455405382","14.01179455405382"
"90","59","59","59","3.417769570867675","3.417769570867675","3.417769570867675"
"91.5","60","60","60","6.189587489416588","6.189587489416588","6.189587489416588"
"93","61","61","61","19.18365285621963","19.18365285621963","19.18365285621963"
"94.5","62","62","62","17.636308969490642","17.636308969490642","17.636308969490642"
"96","63","63","63","4.253249635580667","4.253249635580667","4.253249635580667"
"97.5","64","64","64","4.5802102924321755","4.5802102924321755","4.5802102924321755"
"99","65","65","65","16.106227487758407","16.106227487758407","16.106227487758407"
"100.5","66","66","66","17.212604742702155","17.212604742702155","17.212604742702155"
"102","67","67","67","7.3609157704011885","7.3609157704011885","7.3609157704011885"
"103.5","68","68","68","7.387809871171378","7.387809871171378","7.387809871171378"
"105","69","69","69","14.084607711827866","14.084607711827866","14.084607711827866"
"106.5","70","70","70","12.566531370196056","12.566531370196056","12.566531370196056"
"108","71","71","71","7.097563966953223","7.097563966953223","7.097563966953223"
"109.5","72","72","72","10.993357770402286","10.993357770402286","10.993357770402286"
"111","73","73","73","16.477436985620695","16.477436985620695","16.477436985620695"
"112.5","74","74","74","8.69273906839402","8.69273906839402","8.69273906839402"
"114","75","75","75","3.666258127258089","3.666258127258089","3.666258127258089"
"115.5","76","76","76","12.265784961791923","12.265784961791923","12.265784961791923"
"117","77","77","77","20.691589463436767","20.691589463436767","20.691589463436767"
"118.5","78","78","78","12.9264502546972","12.9264502546972","12.9264502546972"
"120","79","79","79","3.043447557127461","3.043447557127461","3.043447557127461"
"121.5","80","80","80","8.595795633562139","8.595795633562139","8.595795633562139"
"123","81","81","81","17.3542181763448","17.3542181763448","17.3542181763448"
"124.5","82","82","82","13.38730285912494","13.38730285912494","13.38730285912494"
"126","83","83","83","6.422831769768525","6.422831769768525","6.422831769768525"
"127.5","84","84","84","11.501591990928352","11.501591990928352","11.501591990928352"
"129","85","85","85","12.917649965718537","12.917649965718537","12.917649965718537"
"130.5","86","86","86","6.919797973744173","6.919797973744173","6.919797973744173"
"132","87","87","87","8.419447785026469","8.419447785026469","8.419447785026469"
"133.5","88","88","88","17.0389100714263","17.0389100714263","17.0389100714263"
"135","89","89","89","15.21389969125227","15.21389969125227","15.21389969125227"
"136.5","90","90","90","2.8592821860797786","2.8592821860797786","2.8592821860797786"
"138","91","91","91","6.268146081118751","6.268146081118751","6.268146081118751"
"139.5","92","92","92","19.275526813444362","19.275526813444362","19.275526813444362"
"141","93","93","93","19.044602991794253","19.044602991794253","19.044602991794253"
"142.5","94","94","94","5.932329812062311","5.932329812062311","5.932329812062311"
"144","95","95","95","3.3871197243141355","3.3871197243141355","3.3871197243141355"
"145.5","96","96","96","13.896918601906998","13.896918601906998","13.896918601906998"
"147","97","97","97","15.887203614158777","15.887203614158777","15.887203614158777"
"148.5","98","98","98","9.697535867104081","9.697535867104081","9.697535867104081"
"150","99","99","99","10.350834599711476","10.350834599711476","10.350834599711476"
"151.5","100","100","100","12.391170768529165","12.391170768529165","12.391170768529165"
"153","101","101","101","8.602654934419157","8.602654934419157","8.602654934419157"
"154.5","102","102","102","7.292514445122023","7.292514445122023","7.292514445122023"
"156","103","103","103","16.21338156423863","16.21338156423863","16.21338156423863"
"157.5","104","104","104","16.860231634583993","16.860231634583993","16.860231634583993"
"159","105","105","105","3.520275717140913","3.520275717140913","3.520275717140913"
"160.5","106","106","106","4.276072024817476","4.276072024817476","4.276072024817476"
"162","107","107","107","17.735734936701313","17.735734936701313","17.735734936701313"
"163.5","108","108","108","21.594230756040083","21.594230756040083","21.594230756040083"
"165","109","109","109","6.824267229183081","6.824267229183081","6.824267229183081"
"166.5","110","110","110","1.5518740602800607","1.5518740602800607","1.5518740602800607"
"168","111","111","111","11.396192673681343","11.396192673681343","11.396192673681343"
"169.5","112","112","112","17.63117092225093","17.63117092225093","17.63117092225093"
"171","113","113","113","10.938611152406818","10.938611152406818","10.938611152406818"
"172.5","114","114","114","9.40100649110233","9.40100649110233","9.40100649110233"
"174","115","115","115","12.49378366525309","12.49378366525309","12.49378366525309"
"175.5","116","116","116","9.205506676672687","9.205506676672687","9.205506676672687"
"177","117","117","117","6.29736219899151","6.29736219899151","6.29736219899151"
"178.5","118","118","118","14.728833435327102","14.728833435327102","14.728833435327102"
"180","119","119","119","19.45933394712194","19.45933394712194","19.45933394712194"
"181.5","120","120","120","5.602972334872715","5.602972334872715","5.602972334872715"
"183","121","121","121","1.420165237340446","1.420165237340446","1.420165237340446"
"184.5","122","122","122","13.681435414788602","13.681435414788602","13.681435414788602"
"186","123","123","123","23.47397372860292","23.47397372860292","23.47397372860292"
"187.5","124","124","124","13.249689840181823","13.249689840181823","13.249689840181823"
"189","125","125","125","2.4483691177649467","2.4483691177649467","2.4483691177649467"
"190.5","126","126","126","8.082071167229126","8.082071167229126","8.082071167229126"
"192","127","127","127","15.463123812791954","15.463123812791954","15.463123812791954"
"193.5","128","128","128","13.928596213748554","13.928596213748554","13.928596213748554"
"195","129","129","129","10.878484935056942","10.878484935056942","10.878484935056942"
"196.5","130","130","130","12.243085296613387","12.243085296613387","12.243085296613387"
"198","131","131","131","7.433863729839242","7.433863729839242","7.433863729839242"
"199.5","132","132","132","4.865289708597114","4.865289708597114","4.865289708597114"
"201","133","133","133","15.444912341744557","15.444912341744557","15.444912341744557"
"202.5","134","134","134","21.463437298735116","21.463437298735116","21.463437298735116"
"204","135","135","135","6.670071267965846","6.670071267965846","6.670071267965846"
"205.5","136","136","136","0.43788840072359353","0.43788840072359353","0.43788840072359353"
"207","137","137","137","11.943083803762962","11.943083803762962","11.943083803762962"
"208.5","138","138","138","22.790251896749655","22.790251896749655","22.790251896749655"
"210","139","139","139","15.412354233484914","15.412354233484914","15.412354233484914"
"211.5","140","140","140","3.554340798916117","3.554340798916117","3.554340798916117"
"213","141","141","141","6.447213338945684","6.447213338945684","6.447213338945684"
"214.5","142","142","142","13.273609733139763","13.273609733139763","13.273609733139763"
"216","143","143","143","13.659525858785235","13.659525858785235","13.659525858785235"
"217.5","144","144","144","12.448748221468803","12.448748221468803","12.448748221468803"
"219","145","145","145","14.976567725759367","14.976567725759367","14.976567725759367"
"220.5","146","146","146","7.4342642388294164","7.4342642388294164","7.4342642388294164"
"222","147","147","147","2.998221793652804","2.998221793652804","2.998221793652804"
"223.5","148","148","148","13.284616717566234","13.284616717566234","13.284616717566234"
"225","149","149","149","23.446101731368394","23.446101731368394","23.446101731368394"
"226.5","150","150","150","10.19804899116392","10.19804899116392","10.19804899116392"
"228","151","151","151","-0.25267975343052984","-0.25267975343052984","-0.25267975343052984"
"229.5","152","152","152","8.678033219811207","8.678033219811207","8.678033219811207"
"231","153","153","153","21.44863872530827","21.44863872530827","21.44863872530827"
"232.5","154","154","154","16.599907024573437","16.599907024573437","16.599907024573437"
"234","155","155","155","5.323872112746891","5.323872112746891","5.323872112746891"
"235.5","156","156","156","6.650028676048974","6.650028676048974","6.650028676048974"
"237","157","157","157","9.704377246352589","9.704377246352589","9.704377246352589"
"238.5","158","158","158","11.478900117753515","11.478900117753515","11.478900117753515"
"240","159","159","159","15.20636170687299","15.20636170687299","15.20636170687299"
"241.5","160","160","160","18.579683740635534","18.579683740635534","18.579683740635534"
"243","161","161","161","5.207031017266955","5.207031017266955","5.207031017266955"
"244.5","162","162","162","2.057339684491508","2.057339684491508","2.057339684491508"
"246","163","163","163","13.971048608306326","13.971048608306326","13.971048608306326"
"247.5","164","164","164","24.303575895324897","24.303575895324897","24.303575895324897"
"249","165","165","165","12.82842061454955","12.82842061454955","12.82842061454955"
"250.5","166","166","166","2.2477873585222317","2.2477873585222317","2.2477873585222317"
"252","167","167","167","8.522197821015514","8.522197821015514","8.522197821015514"
"253.5","168","168","168","17.81286953972732","17.81286953972732","17.81286953972732"
"255","169","169","169","14.429526989206709","14.429526989206709","14.429526989206709"
"256.5","170","170","170","8.943427307428914","8.943427307428914","8.943427307428914"
"258","171","171","171","9.888505410582605","9.888505410582605","9.888505410582605"
"259.5","172","172","172","7.406434318414869","7.406434318414869","7.406434318414869"
"261","173","173","173","7.166141391516005","7.166141391516005","7.166141391516005"
"262.5","174","174","174","17.604151370221174","17.604151370221174","17.604151370221174"
"264","175","175","175","21.531145135684987","21.531145135684987","21.531145135684987"
"265.5","176","176","176","2.496789213156376","2.496789213156376","2.496789213156376"
"267","177","177","177","-0.023873011576304014","-0.023873011576304014","-0.023873011576304014"
"268.5","178","178","178","14.608406459744474","14.608406459744474","14.608406459744474"
"270","179","179","179","24.409031314998543","24.409031314998543","24.409031314998543"
"271.5","180","180","180","12.340426902834333","12.340426902834333","12.340426902834333"
"273","181","181","181","2.7785693001546865","2.7785693001546865","2.7785693001546865"
"274.5","182","182","182","7.628133966085041","7.628133966085041","7.628133966085041"
"276","183","183","183","14.10746633388188","14.10746633388188","14.10746633388188"
"277.5","184","184","184","11.92530712652202","11.92530712652202","11.92530712652202"
"279","185","185","185","13.103457306745879","13.103457306745879","13.103457306745879"
"280.5","186","186","186","12.316203121732098","12.316203121732098","12.316203121732098"
"282","187","187","187","4.101100244135209","4.101100244135209","4.101100244135209"
"283.5","188","188","188","7.812535629644922","7.812535629644922","7.812535629644922"
"285","189","189","189","19.81411166758189","19.81411166758189","19.81411166758189"
"286.5","190","190","190","20.58816152312583","20.58816152312583","20.58816152312583"
"288","191","191","191","2.5814536189577777","2.5814536189577777","2.5814536189577777"
"289.5","192","192","192","1.3238036703848535","1.3238036703848535","1.3238036703848535"
"291","193","193","193","16.757559518631947","16.757559518631947","16.757559518631947"
"292.5","194","194","194","22.940581465731","22.940581465731","22.940581465731"
"294","195","195","195","8.987637578021383","8.987637578021383","8.987637578021383"
"295.5","196","196","196","3.9069422127426874","3.9069422127426874","3.9069422127426874"
"297","197","197","197","10.132194092693883","10.132194092693883","10.132194092693883"
"298.5","198","198","198","13.062551624922538","13.062551624922538","13.062551624922538"
"300","199","199","199","10.454811876283253","10.454811876283253","10.454811876283253"