"ep4/time","daily-salad-26 - _step","daily-salad-26 - _step__MIN","daily-salad-26 - _step__MAX","daily-salad-26 - ep4/nusselt_obs","daily-salad-26 - ep4/nusselt_obs__MIN","daily-salad-26 - ep4/nusselt_obs__MAX"
"1.5","800","800","800","3.6522732727776277","3.6522732727776277","3.6522732727776277"
"3","801","801","801","3.346318689100483","3.346318689100483","3.346318689100483"
"4.5","802","802","802","3.3830277535711355","3.3830277535711355","3.3830277535711355"
"6","803","803","803","3.454376638009897","3.454376638009897","3.454376638009897"
"7.5","804","804","804","3.4564218831410454","3.4564218831410454","3.4564218831410454"
"9","805","805","805","3.374113077978159","3.374113077978159","3.374113077978159"
"10.5","806","806","806","3.280258081732767","3.280258081732767","3.280258081732767"
"12","807","807","807","3.181203637258509","3.181203637258509","3.181203637258509"
"13.5","808","808","808","3.043699083006894","3.043699083006894","3.043699083006894"
"15","809","809","809","2.9444464099585104","2.9444464099585104","2.9444464099585104"
"16.5","810","810","810","2.9477399340823824","2.9477399340823824","2.9477399340823824"
"18","811","811","811","3.0200861949947297","3.0200861949947297","3.0200861949947297"
"19.5","812","812","812","3.258601921689721","3.258601921689721","3.258601921689721"
"21","813","813","813","3.421763985724353","3.421763985724353","3.421763985724353"
"22.5","814","814","814","3.3890020386479196","3.3890020386479196","3.3890020386479196"
"24","815","815","815","3.2370433175329976","3.2370433175329976","3.2370433175329976"
"25.5","816","816","816","2.83541757738809","2.83541757738809","2.83541757738809"
"27","817","817","817","2.637645614679557","2.637645614679557","2.637645614679557"
"28.5","818","818","818","2.8458931471622297","2.8458931471622297","2.8458931471622297"
"30","819","819","819","3.2258536885397997","3.2258536885397997","3.2258536885397997"
"31.5","820","820","820","3.422609885646014","3.422609885646014","3.422609885646014"
"33","821","821","821","3.2394544751578933","3.2394544751578933","3.2394544751578933"
"34.5","822","822","822","3.1871314819932417","3.1871314819932417","3.1871314819932417"
"36","823","823","823","3.349918283129687","3.349918283129687","3.349918283129687"
"37.5","824","824","824","3.1879979528046705","3.1879979528046705","3.1879979528046705"
"39","825","825","825","2.7704478505383596","2.7704478505383596","2.7704478505383596"
"40.5","826","826","826","2.835612377480587","2.835612377480587","2.835612377480587"
"42","827","827","827","3.1703612199501783","3.1703612199501783","3.1703612199501783"
"43.5","828","828","828","3.3024154234537906","3.3024154234537906","3.3024154234537906"
"45","829","829","829","3.1312123232810145","3.1312123232810145","3.1312123232810145"
"46.5","830","830","830","3.0644840970362917","3.0644840970362917","3.0644840970362917"
"48","831","831","831","3.250968874865303","3.250968874865303","3.250968874865303"
"49.5","832","832","832","3.225207887273152","3.225207887273152","3.225207887273152"
"51","833","833","833","2.841241009273244","2.841241009273244","2.841241009273244"
"52.5","834","834","834","2.9072224498833688","2.9072224498833688","2.9072224498833688"
"54","835","835","835","3.242024277978119","3.242024277978119","3.242024277978119"
"55.5","836","836","836","3.5131847600138975","3.5131847600138975","3.5131847600138975"
"57","837","837","837","3.4656579009666055","3.4656579009666055","3.4656579009666055"
"58.5","838","838","838","3.502803317644452","3.502803317644452","3.502803317644452"
"60","839","839","839","3.3572218840376733","3.3572218840376733","3.3572218840376733"
"61.5","840","840","840","2.8881043012854524","2.8881043012854524","2.8881043012854524"
"63","841","841","841","2.4631005241198958","2.4631005241198958","2.4631005241198958"
"64.5","842","842","842","2.7088754373017836","2.7088754373017836","2.7088754373017836"
"66","843","843","843","3.3018194910108227","3.3018194910108227","3.3018194910108227"
"67.5","844","844","844","3.6052052069081855","3.6052052069081855","3.6052052069081855"
"69","845","845","845","3.402393064526412","3.402393064526412","3.402393064526412"
"70.5","846","846","846","3.2304836971382778","3.2304836971382778","3.2304836971382778"
"72","847","847","847","3.4287549714438996","3.4287549714438996","3.4287549714438996"
"73.5","848","848","848","3.4803745025145245","3.4803745025145245","3.4803745025145245"
"75","849","849","849","2.8298229187315647","2.8298229187315647","2.8298229187315647"
"76.5","850","850","850","2.4465836580371527","2.4465836580371527","2.4465836580371527"
"78","851","851","851","2.9225608533265395","2.9225608533265395","2.9225608533265395"
"79.5","852","852","852","3.5339626053998914","3.5339626053998914","3.5339626053998914"
"81","853","853","853","3.6197002038708797","3.6197002038708797","3.6197002038708797"
"82.5","854","854","854","3.2422153379088403","3.2422153379088403","3.2422153379088403"
"84","855","855","855","3.3005618616136596","3.3005618616136596","3.3005618616136596"
"85.5","856","856","856","3.2787420694929157","3.2787420694929157","3.2787420694929157"
"87","857","857","857","2.8429580552085527","2.8429580552085527","2.8429580552085527"
"88.5","858","858","858","2.450060450088046","2.450060450088046","2.450060450088046"
"90","859","859","859","2.7765667552038136","2.7765667552038136","2.7765667552038136"
"91.5","860","860","860","3.378824435095264","3.378824435095264","3.378824435095264"
"93","861","861","861","3.6252951742075528","3.6252951742075528","3.6252951742075528"
"94.5","862","862","862","3.1994684056112126","3.1994684056112126","3.1994684056112126"
"96","863","863","863","3.0113840852626863","3.0113840852626863","3.0113840852626863"
"97.5","864","864","864","3.276715525170647","3.276715525170647","3.276715525170647"
"99","865","865","865","3.0938493538598664","3.0938493538598664","3.0938493538598664"
"100.5","866","866","866","2.655578755354793","2.655578755354793","2.655578755354793"
"102","867","867","867","2.588952448518465","2.588952448518465","2.588952448518465"
"103.5","868","868","868","3.0982618097150434","3.0982618097150434","3.0982618097150434"
"105","869","869","869","3.583514138688564","3.583514138688564","3.583514138688564"
"106.5","870","870","870","3.3060327832514305","3.3060327832514305","3.3060327832514305"
"108","871","871","871","2.9087571629321003","2.9087571629321003","2.9087571629321003"
"109.5","872","872","872","3.1047519254367604","3.1047519254367604","3.1047519254367604"
"111","873","873","873","3.275427039438832","3.275427039438832","3.275427039438832"
"112.5","874","874","874","2.978912624084185","2.978912624084185","2.978912624084185"
"114","875","875","875","2.68598253043149","2.68598253043149","2.68598253043149"
"115.5","876","876","876","2.901826019800969","2.901826019800969","2.901826019800969"
"117","877","877","877","3.376119363090808","3.376119363090808","3.376119363090808"
"118.5","878","878","878","3.325850653781597","3.325850653781597","3.325850653781597"
"120","879","879","879","2.8798884125842825","2.8798884125842825","2.8798884125842825"
"121.5","880","880","880","2.8869906681166633","2.8869906681166633","2.8869906681166633"
"123","881","881","881","3.255953887152349","3.255953887152349","3.255953887152349"
"124.5","882","882","882","3.248755945814533","3.248755945814533","3.248755945814533"
"126","883","883","883","2.922596696543559","2.922596696543559","2.922596696543559"
"127.5","884","884","884","2.8968565915213236","2.8968565915213236","2.8968565915213236"
"129","885","885","885","3.2588724600581815","3.2588724600581815","3.2588724600581815"
"130.5","886","886","886","3.3063927738223655","3.3063927738223655","3.3063927738223655"
"132","887","887","887","2.858121606088698","2.858121606088698","2.858121606088698"
"133.5","888","888","888","2.653355229178991","2.653355229178991","2.653355229178991"
"135","889","889","889","3.045113799198647","3.045113799198647","3.045113799198647"
"136.5","890","890","890","3.465488035285948","3.465488035285948","3.465488035285948"
"138","891","891","891","3.3773673304033833","3.3773673304033833","3.3773673304033833"
"139.5","892","892","892","3.1637723016215467","3.1637723016215467","3.1637723016215467"
"141","893","893","893","3.0966962403316605","3.0966962403316605","3.0966962403316605"
"142.5","894","894","894","3.3178105526838966","3.3178105526838966","3.3178105526838966"
"144","895","895","895","3.3484568149157345","3.3484568149157345","3.3484568149157345"
"145.5","896","896","896","3.1045465282192315","3.1045465282192315","3.1045465282192315"
"147","897","897","897","3.1580308416153153","3.1580308416153153","3.1580308416153153"
"148.5","898","898","898","3.298715156736784","3.298715156736784","3.298715156736784"
"150","899","899","899","3.3722299065239683","3.3722299065239683","3.3722299065239683"
"151.5","900","900","900","3.1736429002284265","3.1736429002284265","3.1736429002284265"
"153","901","901","901","3.3636250409980994","3.3636250409980994","3.3636250409980994"
"154.5","902","902","902","3.5269186340551855","3.5269186340551855","3.5269186340551855"
"156","903","903","903","3.2623913289290543","3.2623913289290543","3.2623913289290543"
"157.5","904","904","904","2.743361910637078","2.743361910637078","2.743361910637078"
"159","905","905","905","2.9100066886454155","2.9100066886454155","2.9100066886454155"
"160.5","906","906","906","3.500877134329838","3.500877134329838","3.500877134329838"
"162","907","907","907","3.6276362037991494","3.6276362037991494","3.6276362037991494"
"163.5","908","908","908","3.1245461082756796","3.1245461082756796","3.1245461082756796"
"165","909","909","909","2.919834275391872","2.919834275391872","2.919834275391872"
"166.5","910","910","910","3.085902756806565","3.085902756806565","3.085902756806565"
"168","911","911","911","3.391574023229181","3.391574023229181","3.391574023229181"
"169.5","912","912","912","2.985341650496895","2.985341650496895","2.985341650496895"
"171","913","913","913","2.349197325714968","2.349197325714968","2.349197325714968"
"172.5","914","914","914","2.6591128965529176","2.6591128965529176","2.6591128965529176"
"174","915","915","915","3.5166288256492515","3.5166288256492515","3.5166288256492515"
"175.5","916","916","916","3.5233071961803577","3.5233071961803577","3.5233071961803577"
"177","917","917","917","3.0521537187014287","3.0521537187014287","3.0521537187014287"
"178.5","918","918","918","3.0725662749539713","3.0725662749539713","3.0725662749539713"
"180","919","919","919","3.417150807853867","3.417150807853867","3.417150807853867"
"181.5","920","920","920","3.3395072311461824","3.3395072311461824","3.3395072311461824"
"183","921","921","921","3.1264482922188983","3.1264482922188983","3.1264482922188983"
"184.5","922","922","922","3.1575577111506576","3.1575577111506576","3.1575577111506576"
"186","923","923","923","3.2035205592153067","3.2035205592153067","3.2035205592153067"
"187.5","924","924","924","2.907657555369971","2.907657555369971","2.907657555369971"
"189","925","925","925","2.6108294339463662","2.6108294339463662","2.6108294339463662"
"190.5","926","926","926","2.762712572625399","2.762712572625399","2.762712572625399"
"192","927","927","927","3.428262516810066","3.428262516810066","3.428262516810066"
"193.5","928","928","928","3.448459390400196","3.448459390400196","3.448459390400196"
"195","929","929","929","3.0845902717033544","3.0845902717033544","3.0845902717033544"
"196.5","930","930","930","3.0259330028909837","3.0259330028909837","3.0259330028909837"
"198","931","931","931","3.270539583038109","3.270539583038109","3.270539583038109"
"199.5","932","932","932","3.136092299358185","3.136092299358185","3.136092299358185"
"201","933","933","933","2.7560899928407836","2.7560899928407836","2.7560899928407836"
"202.5","934","934","934","2.6439708516029845","2.6439708516029845","2.6439708516029845"
"204","935","935","935","3.2179659990344693","3.2179659990344693","3.2179659990344693"
"205.5","936","936","936","3.5002643711588783","3.5002643711588783","3.5002643711588783"
"207","937","937","937","3.254298553886343","3.254298553886343","3.254298553886343"
"208.5","938","938","938","3.1071384603299648","3.1071384603299648","3.1071384603299648"
"210","939","939","939","3.166352701566804","3.166352701566804","3.166352701566804"
"211.5","940","940","940","3.3041493001170914","3.3041493001170914","3.3041493001170914"
"213","941","941","941","3.193478224846881","3.193478224846881","3.193478224846881"
"214.5","942","942","942","3.341537515630227","3.341537515630227","3.341537515630227"
"216","943","943","943","3.458841456129937","3.458841456129937","3.458841456129937"
"217.5","944","944","944","2.9676612824216835","2.9676612824216835","2.9676612824216835"
"219","945","945","945","2.566624773596562","2.566624773596562","2.566624773596562"
"220.5","946","946","946","2.5322913352139333","2.5322913352139333","2.5322913352139333"
"222","947","947","947","3.0854062503308075","3.0854062503308075","3.0854062503308075"
"223.5","948","948","948","3.4579135843293534","3.4579135843293534","3.4579135843293534"
"225","949","949","949","3.0828071495766705","3.0828071495766705","3.0828071495766705"
"226.5","950","950","950","2.9537846588726135","2.9537846588726135","2.9537846588726135"
"228","951","951","951","3.317549364719876","3.317549364719876","3.317549364719876"
"229.5","952","952","952","3.240623587393026","3.240623587393026","3.240623587393026"
"231","953","953","953","2.9127033452858755","2.9127033452858755","2.9127033452858755"
"232.5","954","954","954","2.7153275280454454","2.7153275280454454","2.7153275280454454"
"234","955","955","955","2.9956367574653453","2.9956367574653453","2.9956367574653453"
"235.5","956","956","956","3.344457958616948","3.344457958616948","3.344457958616948"
"237","957","957","957","3.0293889123719615","3.0293889123719615","3.0293889123719615"
"238.5","958","958","958","2.8967727495615123","2.8967727495615123","2.8967727495615123"
"240","959","959","959","3.318673906693845","3.318673906693845","3.318673906693845"
"241.5","960","960","960","3.5110943212612895","3.5110943212612895","3.5110943212612895"
"243","961","961","961","3.3488835050383408","3.3488835050383408","3.3488835050383408"
"244.5","962","962","962","3.0122128427762074","3.0122128427762074","3.0122128427762074"
"246","963","963","963","3.1961789333292647","3.1961789333292647","3.1961789333292647"
"247.5","964","964","964","3.28140070115532","3.28140070115532","3.28140070115532"
"249","965","965","965","2.795032868932122","2.795032868932122","2.795032868932122"
"250.5","966","966","966","2.6457623890936643","2.6457623890936643","2.6457623890936643"
"252","967","967","967","2.8831975207155542","2.8831975207155542","2.8831975207155542"
"253.5","968","968","968","3.427305970435867","3.427305970435867","3.427305970435867"
"255","969","969","969","3.2927670527924318","3.2927670527924318","3.2927670527924318"
"256.5","970","970","970","3.032329614568302","3.032329614568302","3.032329614568302"
"258","971","971","971","3.121314920181407","3.121314920181407","3.121314920181407"
"259.5","972","972","972","3.3287252797865627","3.3287252797865627","3.3287252797865627"
"261","973","973","973","3.3305171289573905","3.3305171289573905","3.3305171289573905"
"262.5","974","974","974","3.03979934099517","3.03979934099517","3.03979934099517"
"264","975","975","975","3.2641866065815104","3.2641866065815104","3.2641866065815104"
"265.5","976","976","976","3.3661720911675213","3.3661720911675213","3.3661720911675213"
"267","977","977","977","2.888287880892622","2.888287880892622","2.888287880892622"
"268.5","978","978","978","2.624813119626273","2.624813119626273","2.624813119626273"
"270","979","979","979","2.720569053094291","2.720569053094291","2.720569053094291"
"271.5","980","980","980","3.1090839678137545","3.1090839678137545","3.1090839678137545"
"273","981","981","981","3.2807776525394763","3.2807776525394763","3.2807776525394763"
"274.5","982","982","982","2.9595423262465403","2.9595423262465403","2.9595423262465403"
"276","983","983","983","3.0289335476757393","3.0289335476757393","3.0289335476757393"
"277.5","984","984","984","3.363779634351505","3.363779634351505","3.363779634351505"
"279","985","985","985","3.123377619400843","3.123377619400843","3.123377619400843"
"280.5","986","986","986","2.7091163660561843","2.7091163660561843","2.7091163660561843"
"282","987","987","987","2.597310463367121","2.597310463367121","2.597310463367121"
"283.5","988","988","988","2.9538476182625084","2.9538476182625084","2.9538476182625084"
"285","989","989","989","3.3051900001312498","3.3051900001312498","3.3051900001312498"
"286.5","990","990","990","3.0999623366025086","3.0999623366025086","3.0999623366025086"
"288","991","991","991","3.047146888804024","3.047146888804024","3.047146888804024"
"289.5","992","992","992","3.3420000489698527","3.3420000489698527","3.3420000489698527"
"291","993","993","993","3.1833504901179044","3.1833504901179044","3.1833504901179044"
"292.5","994","994","994","2.7739124870634813","2.7739124870634813","2.7739124870634813"
"294","995","995","995","2.535737894290471","2.535737894290471","2.535737894290471"
"295.5","996","996","996","2.8728067279416694","2.8728067279416694","2.8728067279416694"
"297","997","997","997","3.3296858780026857","3.3296858780026857","3.3296858780026857"
"298.5","998","998","998","3.1953529809370758","3.1953529809370758","3.1953529809370758"