"cell_dist","time","episode"
"3.1415926535897927","1.5","0"
"3.0106929596902186","3","0"
"2.814343418840856","4.5","0"
"2.748893571891069","6","0"
"2.6834437249412812","7.5","0"
"2.6834437249412812","9","0"
"2.6179938779914944","10.5","0"
"2.552544031041707","12","0"
"2.552544031041707","13.5","0"
"2.552544031041707","15","0"
"2.4870941840919194","16.5","0"
"2.4216443371421326","18","0"
"2.4216443371421326","19.5","0"
"2.356194490192345","21","0"
"2.290744643242557","22.5","0"
"2.2252947962927703","24","0"
"2.2252947962927703","25.5","0"
"2.2252947962927703","27","0"
"2.6834437249412817","28.5","0"
"3.0761428066400054","30","0"
"2.879793265790644","31.5","0"
"2.9452431127404313","33","0"
"0","34.5","0"
"0","36","0"
"0","37.5","0"
"0","39","0"
"0","40.5","0"
"0","42","0"
"0","43.5","0"
"0","45","0"
"0","46.5","0"
"0","48","0"
"0","49.5","0"
"0","51","0"
"0","52.5","0"
"0","54","0"
"0","55.5","0"
"1.3744467859455345","57","0"
"1.4398966328953218","58.5","0"
"1.4398966328953218","60","0"
"1.505346479845109","61.5","0"
"1.505346479845109","63","0"
"1.505346479845109","64.5","0"
"1.6362461737446836","66","0"
"1.6362461737446836","67.5","0"
"1.7671458676442584","69","0"
"1.8325957145940461","70.5","0"
"1.9634954084936207","72","0"
"2.0943951023931953","73.5","0"
"2.290744643242557","75","0"
"2.4216443371421317","76.5","0"
"2.4870941840919194","78","0"
"2.617993877991494","79.5","0"
"2.748893571891069","81","0"
"2.748893571891069","82.5","0"
"2.8143434188408563","84","0"
"2.879793265790643","85.5","0"
"2.879793265790643","87","0"
"2.8797932657906435","88.5","0"
"3.0106929596902177","90","0"
"3.1415926535897927","91.5","0"
"2.879793265790644","93","0"
"2.6834437249412817","94.5","0"
"2.617993877991495","96","0"
"0","97.5","0"
"0","99","0"
"0","100.5","0"
"0","102","0"
"0","103.5","0"
"0","105","0"
"0","106.5","0"
"0","108","0"
"0","109.5","0"
"0","111","0"
"0","112.5","0"
"0","114","0"
"0","115.5","0"
"0","117","0"
"0","118.5","0"
"0","120","0"
"0","121.5","0"
"0","123","0"
"0","124.5","0"
"0","126","0"
"0","127.5","0"
"0","129","0"
"0","130.5","0"
"0","132","0"
"0","133.5","0"
"0","135","0"
"0","136.5","0"
"0","138","0"
"0","139.5","0"
"0","141","0"
"0","142.5","0"
"0","144","0"
"0","145.5","0"
"0","147","0"
"0","148.5","0"
"0","150","0"
"0","151.5","0"
"0","153","0"
"0","154.5","0"
"0","156","0"
"0","157.5","0"
"0","159","0"
"0","160.5","0"
"0","162","0"
"0","163.5","0"
"0","165","0"
"0","166.5","0"
"0","168","0"
"0","169.5","0"
"0","171","0"
"0","172.5","0"
"0","174","0"
"0","175.5","0"
"1.4398966328953218","177","0"
"1.4398966328953218","178.5","0"
"1.505346479845109","180","0"
"1.505346479845109","181.5","0"
"1.5707963267948966","183","0"
"1.5707963267948966","184.5","0"
"1.6362461737446838","186","0"
"1.7016960206944711","187.5","0"
"1.7671458676442584","189","0"
"1.898045561543833","190.5","0"
"1.9634954084936203","192","0"
"2.0943951023931953","193.5","0"
"2.2252947962927703","195","0"
"2.290744643242557","196.5","0"
"2.356194490192345","198","0"
"2.356194490192345","199.5","0"
"2.356194490192345","201","0"
"2.356194490192345","202.5","0"
"2.356194490192345","204","0"
"2.3561944901923444","205.5","0"
"2.290744643242557","207","0"
"2.1598449493429825","208.5","0"
"2.094395102393195","210","0"
"2.0943951023931957","211.5","0"
"2.028945255443408","213","0"
"1.9634954084936207","214.5","0"
"1.767145867644258","216","0"
"1.8325957145940461","217.5","0"
"1.8980455615438334","219","0"
"1.9634954084936203","220.5","0"
"2.0943951023931953","222","0"
"2.487094184091919","223.5","0"
"3.0761428066400054","225","0"
"0","226.5","0"
"0","228","0"
"0","229.5","0"
"0","231","0"
"0","232.5","0"
"0","234","0"
"0","235.5","0"
"0","237","0"
"0","238.5","0"
"0","240","0"
"0","241.5","0"
"0","243","0"
"0","244.5","0"
"0","246","0"
"0","247.5","0"
"0","249","0"
"0","250.5","0"
"0","252","0"
"0","253.5","0"
"0","255","0"
"0","256.5","0"
"0","258","0"
"0","259.5","0"
"0","261","0"
"0","262.5","0"
"0","264","0"
"0","265.5","0"
"0","267","0"
"0","268.5","0"
"0","270","0"
"0","271.5","0"
"0","273","0"
"0","274.5","0"
"0","276","0"
"0","277.5","0"
"0","279","0"
"0","280.5","0"
"0","282","0"
"0","283.5","0"
"0","285","0"
"0","286.5","0"
"0","288","0"
"0","289.5","0"
"0","291","0"
"0","292.5","0"
"0","294","0"
"0","295.5","0"
"0","297","0"
"0","298.5","0"
"0","300","0"
"3.141592653589793","1.5","1"
"3.010692959690218","3","1"
"2.8143434188408563","4.5","1"
"2.8143434188408563","6","1"
"2.7488935718910685","7.5","1"
"2.6834437249412817","9","1"
"2.617993877991494","10.5","1"
"2.617993877991494","12","1"
"2.48709418409192","13.5","1"
"2.48709418409192","15","1"
"2.48709418409192","16.5","1"
"2.356194490192345","18","1"
"2.356194490192345","19.5","1"
"2.3561944901923444","21","1"
"2.3561944901923444","22.5","1"
"2.5525440310417067","24","1"
"2.879793265790643","25.5","1"
"2.9452431127404317","27","1"
"0","28.5","1"
"0","30","1"
"0","31.5","1"
"0","33","1"
"0","34.5","1"
"0","36","1"
"0","37.5","1"
"0","39","1"
"0","40.5","1"
"0","42","1"
"0","43.5","1"
"0","45","1"
"0","46.5","1"
"0","48","1"
"0","49.5","1"
"0","51","1"
"0","52.5","1"
"0","54","1"
"0","55.5","1"
"0","57","1"
"0","58.5","1"
"1.4398966328953218","60","1"
"1.505346479845109","61.5","1"
"1.5707963267948963","63","1"
"1.5707963267948963","64.5","1"
"1.701696020694471","66","1"
"1.701696020694471","67.5","1"
"1.7671458676442586","69","1"
"1.8980455615438334","70.5","1"
"1.9634954084936207","72","1"
"2.1598449493429825","73.5","1"
"2.22529479629277","75","1"
"2.094395102393195","76.5","1"
"2.028945255443408","78","1"
"1.8980455615438334","79.5","1"
"1.9634954084936207","81","1"
"1.9634954084936207","82.5","1"
"1.9634954084936207","84","1"
"1.9634954084936207","85.5","1"
"1.9634954084936207","87","1"
"2.028945255443408","88.5","1"
"1.9634954084936205","90","1"
"2.028945255443408","91.5","1"
"2.1598449493429825","93","1"
"2.1598449493429825","94.5","1"
"2.2252947962927703","96","1"
"2.2252947962927703","97.5","1"
"2.2252947962927703","99","1"
"2.1598449493429825","100.5","1"
"2.028945255443408","102","1"
"2.028945255443408","103.5","1"
"1.9634954084936207","105","1"
"1.9634954084936207","106.5","1"
"1.8980455615438334","108","1"
"1.8980455615438334","109.5","1"
"1.8980455615438334","111","1"
"1.8325957145940461","112.5","1"
"1.8325957145940461","114","1"
"2.290744643242557","115.5","1"
"2.421644337142132","117","1"
"2.5525440310417062","118.5","1"
"2.6834437249412817","120","1"
"2.945243112740431","121.5","1"
"0","123","1"
"0","124.5","1"
"0","126","1"
"0","127.5","1"
"0","129","1"
"0","130.5","1"
"0","132","1"
"0","133.5","1"
"0","135","1"
"0","136.5","1"
"0","138","1"
"0","139.5","1"
"0","141","1"
"0","142.5","1"
"1.3744467859455345","144","1"
"1.3744467859455345","145.5","1"
"1.4398966328953218","147","1"
"1.505346479845109","148.5","1"
"1.505346479845109","150","1"
"1.6362461737446836","151.5","1"
"1.6362461737446836","153","1"
"1.7671458676442584","154.5","1"
"1.7671458676442584","156","1"
"1.8325957145940461","157.5","1"
"1.8980455615438334","159","1"
"1.8980455615438334","160.5","1"
"1.9634954084936207","162","1"
"2.028945255443408","163.5","1"
"2.028945255443408","165","1"
"2.0943951023931953","166.5","1"
"2.1598449493429825","168","1"
"2.2252947962927703","169.5","1"
"2.356194490192345","171","1"
"2.356194490192345","172.5","1"
"2.290744643242557","174","1"
"2.2252947962927694","175.5","1"
"2.2252947962927703","177","1"
"2.1598449493429825","178.5","1"
"2.094395102393195","180","1"
"2.094395102393195","181.5","1"
"2.0943951023931957","183","1"
"2.0943951023931957","184.5","1"
"2.028945255443408","186","1"
"2.4216443371421326","187.5","1"
"2.4870941840919194","189","1"
"2.4870941840919194","190.5","1"
"2.5525440310417062","192","1"
"2.6834437249412817","193.5","1"
"2.879793265790643","195","1"
"3.141592653589793","196.5","1"
"0","198","1"
"0","199.5","1"
"0","201","1"
"0","202.5","1"
"0","204","1"
"0","205.5","1"
"0","207","1"
"0","208.5","1"
"0","210","1"
"0","211.5","1"
"0","213","1"
"0","214.5","1"
"1.439896632895322","216","1"
"1.5053464798451093","217.5","1"
"1.5053464798451093","219","1"
"1.5707963267948966","220.5","1"
"1.5707963267948966","222","1"
"1.6362461737446838","223.5","1"
"1.7016960206944711","225","1"
"1.7671458676442584","226.5","1"
"1.7671458676442584","228","1"
"1.8325957145940461","229.5","1"
"1.8325957145940461","231","1"
"1.8980455615438334","232.5","1"
"1.8980455615438334","234","1"
"1.9634954084936207","235.5","1"
"1.9634954084936207","237","1"
"2.028945255443408","238.5","1"
"2.028945255443408","240","1"
"2.1598449493429825","241.5","1"
"2.1598449493429825","243","1"
"2.2252947962927703","244.5","1"
"2.2252947962927703","246","1"
"2.2252947962927703","247.5","1"
"2.1598449493429825","249","1"
"2.1598449493429825","250.5","1"
"2.094395102393195","252","1"
"1.9634954084936207","253.5","1"
"1.9634954084936207","255","1"
"2.028945255443408","256.5","1"
"1.9634954084936207","258","1"
"1.898045561543833","259.5","1"
"1.898045561543833","261","1"
"1.8325957145940457","262.5","1"
"2.4216443371421317","264","1"
"2.4870941840919194","265.5","1"
"2.552544031041707","267","1"
"2.7488935718910685","268.5","1"
"3.0761428066400054","270","1"
"0","271.5","1"
"0","273","1"
"0","274.5","1"
"0","276","1"
"0","277.5","1"
"0","279","1"
"0","280.5","1"
"0","282","1"
"1.3744467859455345","283.5","1"
"1.4398966328953218","285","1"
"1.4398966328953218","286.5","1"
"1.5053464798451093","288","1"
"1.5053464798451093","289.5","1"
"1.6362461737446838","291","1"
"1.6362461737446838","292.5","1"
"1.7016960206944711","294","1"
"1.7671458676442584","295.5","1"
"1.898045561543833","297","1"
"2.0943951023931953","298.5","1"
"2.290744643242557","300","1"
"3.141592653589793","1.5","2"
"3.010692959690218","3","2"
"2.8143434188408563","4.5","2"
"2.8143434188408563","6","2"
"2.7488935718910685","7.5","2"
"2.6834437249412817","9","2"
"2.617993877991494","10.5","2"
"2.617993877991494","12","2"
"2.48709418409192","13.5","2"
"2.48709418409192","15","2"
"2.48709418409192","16.5","2"
"2.356194490192345","18","2"
"2.356194490192345","19.5","2"
"2.3561944901923444","21","2"
"2.3561944901923444","22.5","2"
"2.5525440310417067","24","2"
"2.879793265790643","25.5","2"
"2.9452431127404317","27","2"
"0","28.5","2"
"0","30","2"
"0","31.5","2"
"0","33","2"
"0","34.5","2"
"0","36","2"
"0","37.5","2"
"0","39","2"
"0","40.5","2"
"0","42","2"
"0","43.5","2"
"0","45","2"
"0","46.5","2"
"0","48","2"
"0","49.5","2"
"0","51","2"
"0","52.5","2"
"0","54","2"
"0","55.5","2"
"0","57","2"
"0","58.5","2"
"1.4398966328953218","60","2"
"1.505346479845109","61.5","2"
"1.5707963267948963","63","2"
"1.5707963267948963","64.5","2"
"1.701696020694471","66","2"
"1.701696020694471","67.5","2"
"1.7671458676442586","69","2"
"1.8980455615438334","70.5","2"
"1.9634954084936207","72","2"
"2.1598449493429825","73.5","2"
"2.22529479629277","75","2"
"2.094395102393195","76.5","2"
"2.028945255443408","78","2"
"1.8980455615438334","79.5","2"
"1.9634954084936207","81","2"
"1.9634954084936207","82.5","2"
"1.9634954084936207","84","2"
"1.9634954084936207","85.5","2"
"1.9634954084936207","87","2"
"2.028945255443408","88.5","2"
"1.9634954084936205","90","2"
"2.028945255443408","91.5","2"
"2.1598449493429825","93","2"
"2.1598449493429825","94.5","2"
"2.2252947962927703","96","2"
"2.2252947962927703","97.5","2"
"2.2252947962927703","99","2"
"2.1598449493429825","100.5","2"
"2.028945255443408","102","2"
"2.028945255443408","103.5","2"
"1.9634954084936207","105","2"
"1.9634954084936207","106.5","2"
"1.8980455615438334","108","2"
"1.8980455615438334","109.5","2"
"1.8980455615438334","111","2"
"1.8325957145940461","112.5","2"
"1.8325957145940461","114","2"
"2.290744643242557","115.5","2"
"2.421644337142132","117","2"
"2.5525440310417062","118.5","2"
"2.6834437249412817","120","2"
"2.945243112740431","121.5","2"
"0","123","2"
"0","124.5","2"
"0","126","2"
"0","127.5","2"
"0","129","2"
"0","130.5","2"
"0","132","2"
"0","133.5","2"
"0","135","2"
"0","136.5","2"
"0","138","2"
"0","139.5","2"
"0","141","2"
"0","142.5","2"
"1.3744467859455345","144","2"
"1.3744467859455345","145.5","2"
"1.4398966328953218","147","2"
"1.505346479845109","148.5","2"
"1.505346479845109","150","2"
"1.6362461737446836","151.5","2"
"1.6362461737446836","153","2"
"1.7671458676442584","154.5","2"
"1.7671458676442584","156","2"
"1.8325957145940461","157.5","2"
"1.8980455615438334","159","2"
"1.8980455615438334","160.5","2"
"1.9634954084936207","162","2"
"2.028945255443408","163.5","2"
"2.028945255443408","165","2"
"2.0943951023931953","166.5","2"
"2.1598449493429825","168","2"
"2.2252947962927703","169.5","2"
"2.356194490192345","171","2"
"2.356194490192345","172.5","2"
"2.290744643242557","174","2"
"2.2252947962927694","175.5","2"
"2.2252947962927703","177","2"
"2.1598449493429825","178.5","2"
"2.094395102393195","180","2"
"2.094395102393195","181.5","2"
"2.0943951023931957","183","2"
"2.0943951023931957","184.5","2"
"2.028945255443408","186","2"
"2.4216443371421326","187.5","2"
"2.4870941840919194","189","2"
"2.4870941840919194","190.5","2"
"2.5525440310417062","192","2"
"2.6834437249412817","193.5","2"
"2.879793265790643","195","2"
"3.141592653589793","196.5","2"
"0","198","2"
"0","199.5","2"
"0","201","2"
"0","202.5","2"
"0","204","2"
"0","205.5","2"
"0","207","2"
"0","208.5","2"
"0","210","2"
"0","211.5","2"
"0","213","2"
"0","214.5","2"
"1.439896632895322","216","2"
"1.5053464798451093","217.5","2"
"1.5053464798451093","219","2"
"1.5707963267948966","220.5","2"
"1.5707963267948966","222","2"
"1.6362461737446838","223.5","2"
"1.7016960206944711","225","2"
"1.7671458676442584","226.5","2"
"1.7671458676442584","228","2"
"1.8325957145940461","229.5","2"
"1.8325957145940461","231","2"
"1.8980455615438334","232.5","2"
"1.8980455615438334","234","2"
"1.9634954084936207","235.5","2"
"1.9634954084936207","237","2"
"2.028945255443408","238.5","2"
"2.028945255443408","240","2"
"2.1598449493429825","241.5","2"
"2.1598449493429825","243","2"
"2.2252947962927703","244.5","2"
"2.2252947962927703","246","2"
"2.2252947962927703","247.5","2"
"2.1598449493429825","249","2"
"2.1598449493429825","250.5","2"
"2.094395102393195","252","2"
"1.9634954084936207","253.5","2"
"1.9634954084936207","255","2"
"2.028945255443408","256.5","2"
"1.9634954084936207","258","2"
"1.898045561543833","259.5","2"
"1.898045561543833","261","2"
"1.8325957145940457","262.5","2"
"2.4216443371421317","264","2"
"2.4870941840919194","265.5","2"
"2.552544031041707","267","2"
"2.7488935718910685","268.5","2"
"3.0761428066400054","270","2"
"0","271.5","2"
"0","273","2"
"0","274.5","2"
"0","276","2"
"0","277.5","2"
"0","279","2"
"0","280.5","2"
"0","282","2"
"1.3744467859455345","283.5","2"
"1.4398966328953218","285","2"
"1.4398966328953218","286.5","2"
"1.5053464798451093","288","2"
"1.5053464798451093","289.5","2"
"1.6362461737446838","291","2"
"1.6362461737446838","292.5","2"
"1.7016960206944711","294","2"
"1.7671458676442584","295.5","2"
"1.898045561543833","297","2"
"2.0943951023931953","298.5","2"
"2.290744643242557","300","2"
"3.1415926535897927","1.5","3"
"3.0106929596902186","3","3"
"2.814343418840856","4.5","3"
"2.748893571891069","6","3"
"2.6834437249412812","7.5","3"
"2.6834437249412812","9","3"
"2.6179938779914944","10.5","3"
"2.552544031041707","12","3"
"2.552544031041707","13.5","3"
"2.552544031041707","15","3"
"2.4870941840919194","16.5","3"
"2.4216443371421326","18","3"
"2.4216443371421326","19.5","3"
"2.356194490192345","21","3"
"2.290744643242557","22.5","3"
"2.2252947962927703","24","3"
"2.2252947962927703","25.5","3"
"2.2252947962927703","27","3"
"2.6834437249412817","28.5","3"
"3.0761428066400054","30","3"
"2.879793265790644","31.5","3"
"2.9452431127404313","33","3"
"0","34.5","3"
"0","36","3"
"0","37.5","3"
"0","39","3"
"0","40.5","3"
"0","42","3"
"0","43.5","3"
"0","45","3"
"0","46.5","3"
"0","48","3"
"0","49.5","3"
"0","51","3"
"0","52.5","3"
"0","54","3"
"0","55.5","3"
"1.3744467859455345","57","3"
"1.4398966328953218","58.5","3"
"1.4398966328953218","60","3"
"1.505346479845109","61.5","3"
"1.505346479845109","63","3"
"1.505346479845109","64.5","3"
"1.6362461737446836","66","3"
"1.6362461737446836","67.5","3"
"1.7671458676442584","69","3"
"1.8325957145940461","70.5","3"
"1.9634954084936207","72","3"
"2.0943951023931953","73.5","3"
"2.290744643242557","75","3"
"2.4216443371421317","76.5","3"
"2.4870941840919194","78","3"
"2.617993877991494","79.5","3"
"2.748893571891069","81","3"
"2.748893571891069","82.5","3"
"2.8143434188408563","84","3"
"2.879793265790643","85.5","3"
"2.879793265790643","87","3"
"2.8797932657906435","88.5","3"
"3.0106929596902177","90","3"
"3.1415926535897927","91.5","3"
"2.879793265790644","93","3"
"2.6834437249412817","94.5","3"
"2.617993877991495","96","3"
"0","97.5","3"
"0","99","3"
"0","100.5","3"
"0","102","3"
"0","103.5","3"
"0","105","3"
"0","106.5","3"
"0","108","3"
"0","109.5","3"
"0","111","3"
"0","112.5","3"
"0","114","3"
"0","115.5","3"
"0","117","3"
"0","118.5","3"
"0","120","3"
"0","121.5","3"
"0","123","3"
"0","124.5","3"
"0","126","3"
"0","127.5","3"
"0","129","3"
"0","130.5","3"
"0","132","3"
"0","133.5","3"
"0","135","3"
"0","136.5","3"
"0","138","3"
"0","139.5","3"
"0","141","3"
"0","142.5","3"
"0","144","3"
"0","145.5","3"
"0","147","3"
"0","148.5","3"
"0","150","3"
"0","151.5","3"
"0","153","3"
"0","154.5","3"
"0","156","3"
"0","157.5","3"
"0","159","3"
"0","160.5","3"
"0","162","3"
"0","163.5","3"
"0","165","3"
"0","166.5","3"
"0","168","3"
"0","169.5","3"
"0","171","3"
"0","172.5","3"
"0","174","3"
"0","175.5","3"
"1.4398966328953218","177","3"
"1.4398966328953218","178.5","3"
"1.505346479845109","180","3"
"1.505346479845109","181.5","3"
"1.5707963267948966","183","3"
"1.5707963267948966","184.5","3"
"1.6362461737446838","186","3"
"1.7016960206944711","187.5","3"
"1.7671458676442584","189","3"
"1.898045561543833","190.5","3"
"1.9634954084936203","192","3"
"2.0943951023931953","193.5","3"
"2.2252947962927703","195","3"
"2.290744643242557","196.5","3"
"2.356194490192345","198","3"
"2.356194490192345","199.5","3"
"2.356194490192345","201","3"
"2.356194490192345","202.5","3"
"2.356194490192345","204","3"
"2.3561944901923444","205.5","3"
"2.290744643242557","207","3"
"2.1598449493429825","208.5","3"
"2.094395102393195","210","3"
"2.0943951023931957","211.5","3"
"2.028945255443408","213","3"
"1.9634954084936207","214.5","3"
"1.767145867644258","216","3"
"1.8325957145940461","217.5","3"
"1.8980455615438334","219","3"
"1.9634954084936203","220.5","3"
"2.0943951023931953","222","3"
"2.487094184091919","223.5","3"
"3.0761428066400054","225","3"
"0","226.5","3"
"0","228","3"
"0","229.5","3"
"0","231","3"
"0","232.5","3"
"0","234","3"
"0","235.5","3"
"0","237","3"
"0","238.5","3"
"0","240","3"
"0","241.5","3"
"0","243","3"
"0","244.5","3"
"0","246","3"
"0","247.5","3"
"0","249","3"
"0","250.5","3"
"0","252","3"
"0","253.5","3"
"0","255","3"
"0","256.5","3"
"0","258","3"
"0","259.5","3"
"0","261","3"
"0","262.5","3"
"0","264","3"
"0","265.5","3"
"0","267","3"
"0","268.5","3"
"0","270","3"
"0","271.5","3"
"0","273","3"
"0","274.5","3"
"0","276","3"
"0","277.5","3"
"0","279","3"
"0","280.5","3"
"0","282","3"
"0","283.5","3"
"0","285","3"
"0","286.5","3"
"0","288","3"
"0","289.5","3"
"0","291","3"
"0","292.5","3"
"0","294","3"
"0","295.5","3"
"0","297","3"
"0","298.5","3"
"0","300","3"
"3.1415926535897927","1.5","4"
"3.1415926535897927","3","4"
"3.0106929596902177","4.5","4"
"2.945243112740431","6","4"
"2.879793265790644","7.5","4"
"2.879793265790643","9","4"
"2.945243112740431","10.5","4"
"2.6834437249412812","12","4"
"2.6834437249412812","13.5","4"
"2.6834437249412817","15","4"
"2.6834437249412817","16.5","4"
"2.6834437249412817","18","4"
"2.6834437249412817","19.5","4"
"2.6834437249412817","21","4"
"2.5525440310417062","22.5","4"
"2.487094184091919","24","4"
"2.4216443371421317","25.5","4"
"2.4216443371421317","27","4"
"2.4216443371421317","28.5","4"
"2.4216443371421317","30","4"
"2.356194490192345","31.5","4"
"2.356194490192345","33","4"
"2.356194490192345","34.5","4"
"2.356194490192345","36","4"
"2.2907446432425576","37.5","4"
"2.2907446432425576","39","4"
"2.2252947962927703","40.5","4"
"2.2252947962927703","42","4"
"2.2907446432425576","43.5","4"
"2.552544031041707","45","4"
"0","46.5","4"
"0","48","4"
"0","49.5","4"
"0","51","4"
"0","52.5","4"
"0","54","4"
"0","55.5","4"
"0","57","4"
"0","58.5","4"
"0","60","4"
"0","61.5","4"
"0","63","4"
"0","64.5","4"
"0","66","4"
"0","67.5","4"
"0","69","4"
"0","70.5","4"
"0","72","4"
"0","73.5","4"
"0","75","4"
"0","76.5","4"
"0","78","4"
"0","79.5","4"
"0","81","4"
"0","82.5","4"
"0","84","4"
"0","85.5","4"
"0","87","4"
"0","88.5","4"
"0","90","4"
"0","91.5","4"
"0","93","4"
"0","94.5","4"
"0","96","4"
"0","97.5","4"
"0","99","4"
"0","100.5","4"
"0","102","4"
"0","103.5","4"
"0","105","4"
"0","106.5","4"
"0","108","4"
"0","109.5","4"
"0","111","4"
"0","112.5","4"
"0","114","4"
"0","115.5","4"
"0","117","4"
"0","118.5","4"
"0","120","4"
"0","121.5","4"
"0","123","4"
"0","124.5","4"
"0","126","4"
"0","127.5","4"
"0","129","4"
"0","130.5","4"
"0","132","4"
"0","133.5","4"
"0","135","4"
"0","136.5","4"
"0","138","4"
"0","139.5","4"
"0","141","4"
"0","142.5","4"
"0","144","4"
"1.4398966328953215","145.5","4"
"1.505346479845109","147","4"
"1.505346479845109","148.5","4"
"1.505346479845109","150","4"
"1.505346479845109","151.5","4"
"1.5707963267948963","153","4"
"1.5707963267948963","154.5","4"
"1.5707963267948963","156","4"
"1.6362461737446838","157.5","4"
"1.7016960206944711","159","4"
"1.7671458676442584","160.5","4"
"1.8325957145940457","162","4"
"1.9634954084936207","163.5","4"
"2.0943951023931953","165","4"
"2.2252947962927703","166.5","4"
"2.356194490192345","168","4"
"2.4870941840919194","169.5","4"
"2.5525440310417062","171","4"
"2.6834437249412812","172.5","4"
"2.7488935718910685","174","4"
"2.945243112740431","175.5","4"
"3.076142806640006","177","4"
"3.076142806640006","178.5","4"
"3.0106929596902186","180","4"
"2.9452431127404317","181.5","4"
"2.879793265790644","183","4"
"2.879793265790644","184.5","4"
"2.8797932657906435","186","4"
"2.8797932657906435","187.5","4"
"2.8797932657906435","189","4"
"2.8797932657906435","190.5","4"
"2.9452431127404313","192","4"
"3.0761428066400054","193.5","4"
"0","195","4"
"0","196.5","4"
"0","198","4"
"0","199.5","4"
"0","201","4"
"0","202.5","4"
"0","204","4"
"0","205.5","4"
"0","207","4"
"0","208.5","4"
"0","210","4"
"0","211.5","4"
"0","213","4"
"0","214.5","4"
"0","216","4"
"0","217.5","4"
"0","219","4"
"0","220.5","4"
"0","222","4"
"0","223.5","4"
"0","225","4"
"0","226.5","4"
"0","228","4"
"0","229.5","4"
"0","231","4"
"0","232.5","4"
"0","234","4"
"0","235.5","4"
"0","237","4"
"0","238.5","4"
"0","240","4"
"0","241.5","4"
"0","243","4"
"0","244.5","4"
"0","246","4"
"0","247.5","4"
"0","249","4"
"0","250.5","4"
"0","252","4"
"0","253.5","4"
"0","255","4"
"0","256.5","4"
"0","258","4"
"0","259.5","4"
"0","261","4"
"0","262.5","4"
"0","264","4"
"0","265.5","4"
"0","267","4"
"0","268.5","4"
"0","270","4"
"0","271.5","4"
"0","273","4"
"0","274.5","4"
"0","276","4"
"0","277.5","4"
"0","279","4"
"0","280.5","4"
"0","282","4"
"0","283.5","4"
"0","285","4"
"0","286.5","4"
"0","288","4"
"0","289.5","4"
"0","291","4"
"1.4398966328953218","292.5","4"
"1.4398966328953218","294","4"
"1.4398966328953218","295.5","4"
"1.505346479845109","297","4"
"1.505346479845109","298.5","4"
"1.5707963267948966","300","4"
"3.141592653589793","1.5","5"
"2.9452431127404304","3","5"
"2.814343418840856","4.5","5"
"2.748893571891069","6","5"
"2.748893571891069","7.5","5"
"2.6834437249412812","9","5"
"2.6179938779914944","10.5","5"
"2.552544031041707","12","5"
"2.552544031041707","13.5","5"
"2.4870941840919194","15","5"
"2.4870941840919194","16.5","5"
"2.4216443371421317","18","5"
"2.356194490192345","19.5","5"
"2.356194490192345","21","5"
"2.290744643242557","22.5","5"
"2.2252947962927703","24","5"
"2.2252947962927703","25.5","5"
"2.356194490192345","27","5"
"2.879793265790644","28.5","5"
"3.0106929596902186","30","5"
"2.8143434188408567","31.5","5"
"3.010692959690218","33","5"
"0","34.5","5"
"0","36","5"
"0","37.5","5"
"0","39","5"
"0","40.5","5"
"0","42","5"
"0","43.5","5"
"0","45","5"
"0","46.5","5"
"0","48","5"
"0","49.5","5"
"1.4398966328953218","51","5"
"1.4398966328953218","52.5","5"
"1.505346479845109","54","5"
"1.505346479845109","55.5","5"
"1.5707963267948963","57","5"
"1.5707963267948963","58.5","5"
"1.6362461737446836","60","5"
"1.7671458676442586","61.5","5"
"1.7671458676442586","63","5"
"1.8980455615438334","64.5","5"
"1.9634954084936207","66","5"
"2.0943951023931953","67.5","5"
"2.1598449493429825","69","5"
"2.2252947962927703","70.5","5"
"2.2907446432425576","72","5"
"2.421644337142132","73.5","5"
"2.4870941840919194","75","5"
"2.617993877991494","76.5","5"
"2.617993877991494","78","5"
"2.6179938779914944","79.5","5"
"2.356194490192345","81","5"
"2.356194490192345","82.5","5"
"2.421644337142132","84","5"
"2.7488935718910694","85.5","5"
"3.0761428066400063","87","5"
"2.748893571891069","88.5","5"
"3.010692959690218","90","5"
"3.0106929596902186","91.5","5"
"0","93","5"
"0","94.5","5"
"0","96","5"
"0","97.5","5"
"0","99","5"
"0","100.5","5"
"0","102","5"
"0","103.5","5"
"0","105","5"
"0","106.5","5"
"0","108","5"
"0","109.5","5"
"0","111","5"
"0","112.5","5"
"0","114","5"
"0","115.5","5"
"0","117","5"
"0","118.5","5"
"0","120","5"
"0","121.5","5"
"0","123","5"
"0","124.5","5"
"0","126","5"
"0","127.5","5"
"0","129","5"
"0","130.5","5"
"0","132","5"
"0","133.5","5"
"0","135","5"
"0","136.5","5"
"0","138","5"
"0","139.5","5"
"0","141","5"
"0","142.5","5"
"0","144","5"
"0","145.5","5"
"0","147","5"
"0","148.5","5"
"0","150","5"
"0","151.5","5"
"0","153","5"
"0","154.5","5"
"0","156","5"
"0","157.5","5"
"0","159","5"
"0","160.5","5"
"0","162","5"
"0","163.5","5"
"0","165","5"
"0","166.5","5"
"0","168","5"
"0","169.5","5"
"0","171","5"
"0","172.5","5"
"0","174","5"
"0","175.5","5"
"0","177","5"
"0","178.5","5"
"0","180","5"
"0","181.5","5"
"0","183","5"
"0","184.5","5"
"0","186","5"
"0","187.5","5"
"1.505346479845109","189","5"
"1.4398966328953218","190.5","5"
"1.505346479845109","192","5"
"1.505346479845109","193.5","5"
"1.5707963267948963","195","5"
"1.5707963267948963","196.5","5"
"1.6362461737446838","198","5"
"1.6362461737446838","199.5","5"
"1.6362461737446838","201","5"
"1.7671458676442584","202.5","5"
"1.8325957145940457","204","5"
"1.898045561543833","205.5","5"
"2.0943951023931953","207","5"
"2.2252947962927703","208.5","5"
"2.4216443371421317","210","5"
"2.4870941840919194","211.5","5"
"2.617993877991494","213","5"
"2.6834437249412812","214.5","5"
"2.8143434188408563","216","5"
"2.879793265790643","217.5","5"
"3.076142806640006","219","5"
"3.076142806640006","220.5","5"
"3.0106929596902186","222","5"
"2.9452431127404317","223.5","5"
"2.879793265790644","225","5"
"2.879793265790644","226.5","5"
"2.8797932657906435","228","5"
"2.8797932657906435","229.5","5"
"2.8143434188408563","231","5"
"2.8143434188408563","232.5","5"
"2.9452431127404313","234","5"
"3.0761428066400054","235.5","5"
"0","237","5"
"0","238.5","5"
"0","240","5"
"0","241.5","5"
"0","243","5"
"0","244.5","5"
"0","246","5"
"0","247.5","5"
"0","249","5"
"0","250.5","5"
"0","252","5"
"0","253.5","5"
"0","255","5"
"0","256.5","5"
"0","258","5"
"0","259.5","5"
"0","261","5"
"0","262.5","5"
"0","264","5"
"0","265.5","5"
"0","267","5"
"0","268.5","5"
"0","270","5"
"0","271.5","5"
"0","273","5"
"0","274.5","5"
"0","276","5"
"0","277.5","5"
"0","279","5"
"0","280.5","5"
"0","282","5"
"0","283.5","5"
"0","285","5"
"0","286.5","5"
"0","288","5"
"0","289.5","5"
"0","291","5"
"0","292.5","5"
"0","294","5"
"0","295.5","5"
"0","297","5"
"0","298.5","5"
"0","300","5"
"3.141592653589793","1.5","6"
"3.076142806640006","3","6"
"2.8797932657906435","4.5","6"
"3.1415926535897927","6","6"
"3.0761428066400054","7.5","6"
"3.0761428066400054","9","6"
"2.748893571891069","10.5","6"
"2.6834437249412817","12","6"
"2.6834437249412817","13.5","6"
"2.6179938779914944","15","6"
"2.6179938779914944","16.5","6"
"2.6834437249412812","18","6"
"2.6834437249412812","19.5","6"
"2.6834437249412812","21","6"
"2.6834437249412812","22.5","6"
"2.6834437249412812","24","6"
"2.6179938779914944","25.5","6"
"2.6179938779914944","27","6"
"2.552544031041707","28.5","6"
"2.617993877991494","30","6"
"2.617993877991494","31.5","6"
"2.617993877991494","33","6"
"2.617993877991494","34.5","6"
"2.617993877991494","36","6"
"3.0106929596902186","37.5","6"
"3.0106929596902186","39","6"
"3.0761428066400054","40.5","6"
"3.010692959690219","42","6"
"2.8143434188408567","43.5","6"
"0","45","6"
"0","46.5","6"
"0","48","6"
"0","49.5","6"
"0","51","6"
"0","52.5","6"
"0","54","6"
"0","55.5","6"
"0","57","6"
"0","58.5","6"
"0","60","6"
"0","61.5","6"
"0","63","6"
"0","64.5","6"
"0","66","6"
"0","67.5","6"
"0","69","6"
"0","70.5","6"
"1.3744467859455343","72","6"
"1.4398966328953215","73.5","6"
"1.4398966328953215","75","6"
"1.4398966328953215","76.5","6"
"1.505346479845109","78","6"
"1.505346479845109","79.5","6"
"1.505346479845109","81","6"
"1.4398966328953218","82.5","6"
"1.4398966328953218","84","6"
"1.505346479845109","85.5","6"
"1.505346479845109","87","6"
"1.5707963267948963","88.5","6"
"1.5707963267948963","90","6"
"1.6362461737446836","91.5","6"
"1.7016960206944711","93","6"
"1.7671458676442584","94.5","6"
"1.8325957145940457","96","6"
"1.8980455615438334","97.5","6"
"1.9634954084936207","99","6"
"2.028945255443408","100.5","6"
"2.028945255443408","102","6"
"2.0943951023931953","103.5","6"
"2.0943951023931953","105","6"
"2.1598449493429825","106.5","6"
"2.22529479629277","108","6"
"2.2907446432425576","109.5","6"
"2.356194490192345","111","6"
"2.356194490192345","112.5","6"
"2.487094184091919","114","6"
"2.487094184091919","115.5","6"
"2.4870941840919194","117","6"
"2.421644337142132","118.5","6"
"2.4216443371421326","120","6"
"2.290744643242558","121.5","6"
"2.1598449493429825","123","6"
"2.1598449493429825","124.5","6"
"2.1598449493429825","126","6"
"2.2252947962927694","127.5","6"
"2.1598449493429825","129","6"
"2.1598449493429825","130.5","6"
"2.552544031041707","132","6"
"2.6834437249412817","133.5","6"
"2.6834437249412817","135","6"
"2.7488935718910685","136.5","6"
"2.6834437249412817","138","6"
"2.617993877991494","139.5","6"
"2.617993877991494","141","6"
"2.683443724941281","142.5","6"
"2.945243112740431","144","6"
"3.0106929596902186","145.5","6"
"0","147","6"
"0","148.5","6"
"0","150","6"
"0","151.5","6"
"0","153","6"
"0","154.5","6"
"0","156","6"
"0","157.5","6"
"0","159","6"
"0","160.5","6"
"0","162","6"
"0","163.5","6"
"0","165","6"
"0","166.5","6"
"0","168","6"
"1.439896632895322","169.5","6"
"1.439896632895322","171","6"
"1.5053464798451093","172.5","6"
"1.5053464798451093","174","6"
"1.5707963267948966","175.5","6"
"1.5707963267948966","177","6"
"1.5707963267948966","178.5","6"
"1.6362461737446838","180","6"
"1.6362461737446838","181.5","6"
"1.7016960206944711","183","6"
"1.7671458676442584","184.5","6"
"1.8325957145940457","186","6"
"1.8980455615438334","187.5","6"
"2.028945255443408","189","6"
"2.1598449493429825","190.5","6"
"2.290744643242557","192","6"
"2.421644337142132","193.5","6"
"2.4870941840919194","195","6"
"2.552544031041707","196.5","6"
"2.617993877991494","198","6"
"2.6834437249412817","199.5","6"
"2.879793265790643","201","6"
"2.9452431127404304","202.5","6"
"3.010692959690218","204","6"
"3.076142806640006","205.5","6"
"3.0106929596902186","207","6"
"3.0106929596902186","208.5","6"
"2.8797932657906435","210","6"
"2.879793265790643","211.5","6"
"2.945243112740431","213","6"
"3.141592653589793","214.5","6"
"3.0106929596902186","216","6"
"2.9452431127404313","217.5","6"
"0","219","6"
"0","220.5","6"
"0","222","6"
"0","223.5","6"
"0","225","6"
"0","226.5","6"
"0","228","6"
"0","229.5","6"
"0","231","6"
"0","232.5","6"
"0","234","6"
"0","235.5","6"
"0","237","6"
"0","238.5","6"
"0","240","6"
"0","241.5","6"
"0","243","6"
"0","244.5","6"
"0","246","6"
"0","247.5","6"
"0","249","6"
"0","250.5","6"
"0","252","6"
"0","253.5","6"
"0","255","6"
"0","256.5","6"
"0","258","6"
"0","259.5","6"
"0","261","6"
"0","262.5","6"
"0","264","6"
"0","265.5","6"
"0","267","6"
"0","268.5","6"
"0","270","6"
"0","271.5","6"
"0","273","6"
"0","274.5","6"
"0","276","6"
"0","277.5","6"
"0","279","6"
"0","280.5","6"
"0","282","6"
"0","283.5","6"
"0","285","6"
"0","286.5","6"
"0","288","6"
"0","289.5","6"
"0","291","6"
"0","292.5","6"
"0","294","6"
"0","295.5","6"
"0","297","6"
"0","298.5","6"
"0","300","6"
"3.141592653589793","1.5","7"
"2.9452431127404313","3","7"
"2.879793265790644","4.5","7"
"2.7488935718910694","6","7"
"2.6834437249412817","7.5","7"
"2.6834437249412817","9","7"
"2.552544031041707","10.5","7"
"2.552544031041707","12","7"
"2.48709418409192","13.5","7"
"2.48709418409192","15","7"
"2.356194490192345","16.5","7"
"2.356194490192345","18","7"
"0","19.5","7"
"0","21","7"
"0","22.5","7"
"2.094395102393195","24","7"
"2.094395102393195","25.5","7"
"2.094395102393195","27","7"
"2.028945255443408","28.5","7"
"2.028945255443408","30","7"
"1.9634954084936211","31.5","7"
"1.9634954084936211","33","7"
"1.9634954084936211","34.5","7"
"1.8980455615438334","36","7"
"1.9634954084936203","37.5","7"
"1.8980455615438334","39","7"
"1.8980455615438334","40.5","7"
"1.8980455615438334","42","7"
"1.8980455615438334","43.5","7"
"1.8980455615438334","45","7"
"1.8980455615438334","46.5","7"
"1.8980455615438334","48","7"
"1.8980455615438334","49.5","7"
"1.8980455615438334","51","7"
"1.8980455615438334","52.5","7"
"1.9634954084936207","54","7"
"1.9634954084936207","55.5","7"
"1.9634954084936207","57","7"
"1.9634954084936207","58.5","7"
"1.9634954084936207","60","7"
"2.0943951023931957","61.5","7"
"2.0943951023931957","63","7"
"2.0943951023931957","64.5","7"
"2.159844949342983","66","7"
"2.159844949342983","67.5","7"
"2.22529479629277","69","7"
"2.2252947962927703","70.5","7"
"1.9634954084936203","72","7"
"0","73.5","7"
"0","75","7"
"0","76.5","7"
"0","78","7"
"0","79.5","7"
"0","81","7"
"0","82.5","7"
"0","84","7"
"0","85.5","7"
"0","87","7"
"0","88.5","7"
"0","90","7"
"0","91.5","7"
"0","93","7"
"0","94.5","7"
"0","96","7"
"0","97.5","7"
"0","99","7"
"0","100.5","7"
"0","102","7"
"0","103.5","7"
"0","105","7"
"0","106.5","7"
"0","108","7"
"0","109.5","7"
"0","111","7"
"0","112.5","7"
"0","114","7"
"0","115.5","7"
"0","117","7"
"0","118.5","7"
"0","120","7"
"0","121.5","7"
"0","123","7"
"0","124.5","7"
"0","126","7"
"0","127.5","7"
"0","129","7"
"0","130.5","7"
"0","132","7"
"0","133.5","7"
"0","135","7"
"0","136.5","7"
"0","138","7"
"0","139.5","7"
"0","141","7"
"1.4398966328953218","142.5","7"
"1.5053464798451093","144","7"
"1.5053464798451093","145.5","7"
"1.5053464798451093","147","7"
"1.6362461737446838","148.5","7"
"1.6362461737446838","150","7"
"1.7671458676442584","151.5","7"
"1.8325957145940457","153","7"
"1.8325957145940457","154.5","7"
"1.8325957145940457","156","7"
"1.8325957145940457","157.5","7"
"1.8325957145940457","159","7"
"1.9634954084936203","160.5","7"
"1.9634954084936203","162","7"
"2.0943951023931957","163.5","7"
"2.1598449493429825","165","7"
"2.290744643242557","166.5","7"
"2.4870941840919194","168","7"
"2.617993877991494","169.5","7"
"2.748893571891069","171","7"
"2.8143434188408563","172.5","7"
"2.945243112740431","174","7"
"3.0106929596902186","175.5","7"
"3.0106929596902186","177","7"
"3.0761428066400054","178.5","7"
"3.141592653589793","180","7"
"3.141592653589793","181.5","7"
"3.141592653589793","183","7"
"3.010692959690218","184.5","7"
"3.010692959690218","186","7"
"3.010692959690218","187.5","7"
"3.010692959690218","189","7"
"2.945243112740431","190.5","7"
"3.0106929596902186","192","7"
"3.1415926535897927","193.5","7"
"3.0106929596902186","195","7"
"2.8143434188408563","196.5","7"
"2.552544031041707","198","7"
"0","199.5","7"
"0","201","7"
"0","202.5","7"
"0","204","7"
"0","205.5","7"
"0","207","7"
"0","208.5","7"
"0","210","7"
"0","211.5","7"
"0","213","7"
"0","214.5","7"
"0","216","7"
"0","217.5","7"
"0","219","7"
"0","220.5","7"
"0","222","7"
"0","223.5","7"
"0","225","7"
"0","226.5","7"
"0","228","7"
"0","229.5","7"
"0","231","7"
"0","232.5","7"
"0","234","7"
"0","235.5","7"
"0","237","7"
"0","238.5","7"
"0","240","7"
"0","241.5","7"
"0","243","7"
"0","244.5","7"
"0","246","7"
"0","247.5","7"
"0","249","7"
"0","250.5","7"
"0","252","7"
"0","253.5","7"
"0","255","7"
"0","256.5","7"
"0","258","7"
"0","259.5","7"
"0","261","7"
"0","262.5","7"
"0","264","7"
"0","265.5","7"
"0","267","7"
"0","268.5","7"
"0","270","7"
"0","271.5","7"
"0","273","7"
"0","274.5","7"
"0","276","7"
"0","277.5","7"
"0","279","7"
"0","280.5","7"
"0","282","7"
"0","283.5","7"
"0","285","7"
"0","286.5","7"
"0","288","7"
"0","289.5","7"
"0","291","7"
"0","292.5","7"
"0","294","7"
"0","295.5","7"
"0","297","7"
"0","298.5","7"
"0","300","7"
"3.1415926535897927","1.5","8"
"0","3","8"
"0","4.5","8"
"3.141592653589793","6","8"
"3.141592653589793","7.5","8"
"3.141592653589793","9","8"
"3.141592653589793","10.5","8"
"3.141592653589793","12","8"
"0","13.5","8"
"0","15","8"
"0","16.5","8"
"0","18","8"
"0","19.5","8"
"0","21","8"
"0","22.5","8"
"0","24","8"
"0","25.5","8"
"0","27","8"
"0","28.5","8"
"0","30","8"
"0","31.5","8"
"0","33","8"
"0","34.5","8"
"0","36","8"
"0","37.5","8"
"0","39","8"
"0","40.5","8"
"0","42","8"
"0","43.5","8"
"0","45","8"
"0","46.5","8"
"0","48","8"
"0","49.5","8"
"0","51","8"
"0","52.5","8"
"0","54","8"
"0","55.5","8"
"0","57","8"
"0","58.5","8"
"0","60","8"
"0","61.5","8"
"0","63","8"
"0","64.5","8"
"0","66","8"
"0","67.5","8"
"0","69","8"
"0","70.5","8"
"0","72","8"
"0","73.5","8"
"0","75","8"
"0","76.5","8"
"0","78","8"
"0","79.5","8"
"0","81","8"
"0","82.5","8"
"0","84","8"
"0","85.5","8"
"0","87","8"
"0","88.5","8"
"0","90","8"
"0","91.5","8"
"0","93","8"
"0","94.5","8"
"0","96","8"
"0","97.5","8"
"0","99","8"
"0","100.5","8"
"0","102","8"
"0","103.5","8"
"0","105","8"
"0","106.5","8"
"0","108","8"
"0","109.5","8"
"0","111","8"
"0","112.5","8"
"0","114","8"
"0","115.5","8"
"0","117","8"
"0","118.5","8"
"0","120","8"
"0","121.5","8"
"0","123","8"
"0","124.5","8"
"0","126","8"
"0","127.5","8"
"0","129","8"
"0","130.5","8"
"0","132","8"
"0","133.5","8"
"0","135","8"
"0","136.5","8"
"0","138","8"
"0","139.5","8"
"0","141","8"
"0","142.5","8"
"0","144","8"
"0","145.5","8"
"0","147","8"
"0","148.5","8"
"0","150","8"
"0","151.5","8"
"0","153","8"
"0","154.5","8"
"0","156","8"
"0","157.5","8"
"0","159","8"
"0","160.5","8"
"0","162","8"
"0","163.5","8"
"0","165","8"
"0","166.5","8"
"0","168","8"
"0","169.5","8"
"0","171","8"
"0","172.5","8"
"0","174","8"
"0","175.5","8"
"0","177","8"
"0","178.5","8"
"0","180","8"
"0","181.5","8"
"0","183","8"
"0","184.5","8"
"0","186","8"
"0","187.5","8"
"0","189","8"
"0","190.5","8"
"0","192","8"
"0","193.5","8"
"0","195","8"
"0","196.5","8"
"0","198","8"
"0","199.5","8"
"0","201","8"
"0","202.5","8"
"0","204","8"
"0","205.5","8"
"0","207","8"
"0","208.5","8"
"0","210","8"
"0","211.5","8"
"0","213","8"
"0","214.5","8"
"2.4870941840919203","216","8"
"2.7488935718910694","217.5","8"
"2.8143434188408567","219","8"
"0","220.5","8"
"0","222","8"
"0","223.5","8"
"0","225","8"
"0","226.5","8"
"0","228","8"
"0","229.5","8"
"0","231","8"
"0","232.5","8"
"0","234","8"
"0","235.5","8"
"0","237","8"
"0","238.5","8"
"0","240","8"
"0","241.5","8"
"0","243","8"
"1.505346479845109","244.5","8"
"1.505346479845109","246","8"
"1.5707963267948966","247.5","8"
"1.6362461737446838","249","8"
"1.7016960206944711","250.5","8"
"1.832595714594046","252","8"
"1.832595714594046","253.5","8"
"1.9634954084936205","255","8"
"2.028945255443408","256.5","8"
"2.2252947962927703","258","8"
"2.356194490192345","259.5","8"
"2.5525440310417067","261","8"
"2.617993877991494","262.5","8"
"2.4870941840919194","264","8"
"2.356194490192345","265.5","8"
"2.22529479629277","267","8"
"2.094395102393195","268.5","8"
"2.028945255443408","270","8"
"2.028945255443408","271.5","8"
"2.094395102393195","273","8"
"2.1598449493429825","274.5","8"
"2.2252947962927703","276","8"
"2.290744643242557","277.5","8"
"2.4216443371421317","279","8"
"2.5525440310417062","280.5","8"
"2.748893571891069","282","8"
"2.8143434188408563","283.5","8"
"2.8143434188408563","285","8"
"2.945243112740431","286.5","8"
"3.0106929596902186","288","8"
"3.0761428066400054","289.5","8"
"3.141592653589793","291","8"
"3.141592653589793","292.5","8"
"3.0761428066400054","294","8"
"3.0761428066400054","295.5","8"
"3.010692959690218","297","8"
"2.9452431127404313","298.5","8"
"2.9452431127404313","300","8"
"3.141592653589793","1.5","9"
"3.076142806640006","3","9"
"2.8797932657906435","4.5","9"
"3.1415926535897927","6","9"
"3.0761428066400054","7.5","9"
"3.0761428066400054","9","9"
"2.748893571891069","10.5","9"
"2.6834437249412817","12","9"
"2.6834437249412817","13.5","9"
"2.6179938779914944","15","9"
"2.6179938779914944","16.5","9"
"2.6834437249412812","18","9"
"2.6834437249412812","19.5","9"
"2.6834437249412812","21","9"
"2.6834437249412812","22.5","9"
"2.6834437249412812","24","9"
"2.6179938779914944","25.5","9"
"2.6179938779914944","27","9"
"2.552544031041707","28.5","9"
"2.617993877991494","30","9"
"2.617993877991494","31.5","9"
"2.617993877991494","33","9"
"2.617993877991494","34.5","9"
"2.617993877991494","36","9"
"3.0106929596902186","37.5","9"
"3.0106929596902186","39","9"
"3.0761428066400054","40.5","9"
"3.010692959690219","42","9"
"2.8143434188408567","43.5","9"
"0","45","9"
"0","46.5","9"
"0","48","9"
"0","49.5","9"
"0","51","9"
"0","52.5","9"
"0","54","9"
"0","55.5","9"
"0","57","9"
"0","58.5","9"
"0","60","9"
"0","61.5","9"
"0","63","9"
"0","64.5","9"
"0","66","9"
"0","67.5","9"
"0","69","9"
"0","70.5","9"
"1.3744467859455343","72","9"
"1.4398966328953215","73.5","9"
"1.4398966328953215","75","9"
"1.4398966328953215","76.5","9"
"1.505346479845109","78","9"
"1.505346479845109","79.5","9"
"1.505346479845109","81","9"
"1.4398966328953218","82.5","9"
"1.4398966328953218","84","9"
"1.505346479845109","85.5","9"
"1.505346479845109","87","9"
"1.5707963267948963","88.5","9"
"1.5707963267948963","90","9"
"1.6362461737446836","91.5","9"
"1.7016960206944711","93","9"
"1.7671458676442584","94.5","9"
"1.8325957145940457","96","9"
"1.8980455615438334","97.5","9"
"1.9634954084936207","99","9"
"2.028945255443408","100.5","9"
"2.028945255443408","102","9"
"2.0943951023931953","103.5","9"
"2.0943951023931953","105","9"
"2.1598449493429825","106.5","9"
"2.22529479629277","108","9"
"2.2907446432425576","109.5","9"
"2.356194490192345","111","9"
"2.356194490192345","112.5","9"
"2.487094184091919","114","9"
"2.487094184091919","115.5","9"
"2.4870941840919194","117","9"
"2.421644337142132","118.5","9"
"2.4216443371421326","120","9"
"2.290744643242558","121.5","9"
"2.1598449493429825","123","9"
"2.1598449493429825","124.5","9"
"2.1598449493429825","126","9"
"2.2252947962927694","127.5","9"
"2.1598449493429825","129","9"
"2.1598449493429825","130.5","9"
"2.552544031041707","132","9"
"2.6834437249412817","133.5","9"
"2.6834437249412817","135","9"
"2.7488935718910685","136.5","9"
"2.6834437249412817","138","9"
"2.617993877991494","139.5","9"
"2.617993877991494","141","9"
"2.683443724941281","142.5","9"
"2.945243112740431","144","9"
"3.0106929596902186","145.5","9"
"0","147","9"
"0","148.5","9"
"0","150","9"
"0","151.5","9"
"0","153","9"
"0","154.5","9"
"0","156","9"
"0","157.5","9"
"0","159","9"
"0","160.5","9"
"0","162","9"
"0","163.5","9"
"0","165","9"
"0","166.5","9"
"0","168","9"
"1.439896632895322","169.5","9"
"1.439896632895322","171","9"
"1.5053464798451093","172.5","9"
"1.5053464798451093","174","9"
"1.5707963267948966","175.5","9"
"1.5707963267948966","177","9"
"1.5707963267948966","178.5","9"
"1.6362461737446838","180","9"
"1.6362461737446838","181.5","9"
"1.7016960206944711","183","9"
"1.7671458676442584","184.5","9"
"1.8325957145940457","186","9"
"1.8980455615438334","187.5","9"
"2.028945255443408","189","9"
"2.1598449493429825","190.5","9"
"2.290744643242557","192","9"
"2.421644337142132","193.5","9"
"2.4870941840919194","195","9"
"2.552544031041707","196.5","9"
"2.617993877991494","198","9"
"2.6834437249412817","199.5","9"
"2.879793265790643","201","9"
"2.9452431127404304","202.5","9"
"3.010692959690218","204","9"
"3.076142806640006","205.5","9"
"3.0106929596902186","207","9"
"3.0106929596902186","208.5","9"
"2.8797932657906435","210","9"
"2.879793265790643","211.5","9"
"2.945243112740431","213","9"
"3.141592653589793","214.5","9"
"3.0106929596902186","216","9"
"2.9452431127404313","217.5","9"
"0","219","9"
"0","220.5","9"
"0","222","9"
"0","223.5","9"
"0","225","9"
"0","226.5","9"
"0","228","9"
"0","229.5","9"
"0","231","9"
"0","232.5","9"
"0","234","9"
"0","235.5","9"
"0","237","9"
"0","238.5","9"
"0","240","9"
"0","241.5","9"
"0","243","9"
"0","244.5","9"
"0","246","9"
"0","247.5","9"
"0","249","9"
"0","250.5","9"
"0","252","9"
"0","253.5","9"
"0","255","9"
"0","256.5","9"
"0","258","9"
"0","259.5","9"
"0","261","9"
"0","262.5","9"
"0","264","9"
"0","265.5","9"
"0","267","9"
"0","268.5","9"
"0","270","9"
"0","271.5","9"
"0","273","9"
"0","274.5","9"
"0","276","9"
"0","277.5","9"
"0","279","9"
"0","280.5","9"
"0","282","9"
"0","283.5","9"
"0","285","9"
"0","286.5","9"
"0","288","9"
"0","289.5","9"
"0","291","9"
"0","292.5","9"
"0","294","9"
"0","295.5","9"
"0","297","9"
"0","298.5","9"
"0","300","9"
"3.1415926535897927","1.5","10"
"3.0761428066400054","3","10"
"2.8797932657906435","4.5","10"
"2.748893571891069","6","10"
"2.748893571891069","7.5","10"
"2.748893571891069","9","10"
"2.6834437249412812","10.5","10"
"2.6834437249412812","12","10"
"2.6834437249412812","13.5","10"
"2.617993877991494","15","10"
"2.617993877991494","16.5","10"
"2.5525440310417067","18","10"
"2.5525440310417067","19.5","10"
"2.5525440310417067","21","10"
"2.487094184091919","22.5","10"
"2.487094184091919","24","10"
"2.487094184091919","25.5","10"
"2.487094184091919","27","10"
"2.487094184091919","28.5","10"
"2.487094184091919","30","10"
"2.487094184091919","31.5","10"
"2.5525440310417067","33","10"
"2.6179938779914944","34.5","10"
"3.076142806640006","36","10"
"3.010692959690219","37.5","10"
"3.076142806640006","39","10"
"0","40.5","10"
"0","42","10"
"0","43.5","10"
"0","45","10"
"0","46.5","10"
"0","48","10"
"0","49.5","10"
"0","51","10"
"0","52.5","10"
"0","54","10"
"0","55.5","10"
"0","57","10"
"0","58.5","10"
"0","60","10"
"0","61.5","10"
"0","63","10"
"0","64.5","10"
"0","66","10"
"1.3744467859455343","67.5","10"
"1.4398966328953218","69","10"
"1.4398966328953218","70.5","10"
"1.4398966328953218","72","10"
"1.505346479845109","73.5","10"
"1.505346479845109","75","10"
"1.505346479845109","76.5","10"
"1.5707963267948963","78","10"
"1.5707963267948963","79.5","10"
"1.6362461737446836","81","10"
"1.7016960206944711","82.5","10"
"1.7671458676442584","84","10"
"1.8325957145940457","85.5","10"
"1.9634954084936207","87","10"
"2.0943951023931953","88.5","10"
"2.22529479629277","90","10"
"2.4216443371421317","91.5","10"
"2.5525440310417062","93","10"
"2.617993877991494","94.5","10"
"2.748893571891069","96","10"
"2.8143434188408563","97.5","10"
"2.8143434188408563","99","10"
"2.945243112740431","100.5","10"
"2.945243112740431","102","10"
"3.0761428066400054","103.5","10"
"3.0761428066400054","105","10"
"3.0761428066400054","106.5","10"
"3.076142806640006","108","10"
"3.076142806640006","109.5","10"
"3.0106929596902186","111","10"
"2.945243112740431","112.5","10"
"2.8797932657906435","114","10"
"2.8797932657906435","115.5","10"
"2.9452431127404313","117","10"
"3.0761428066400063","118.5","10"
"3.0106929596902186","120","10"
"2.748893571891069","121.5","10"
"0","123","10"
"0","124.5","10"
"0","126","10"
"0","127.5","10"
"0","129","10"
"0","130.5","10"
"0","132","10"
"0","133.5","10"
"0","135","10"
"0","136.5","10"
"0","138","10"
"0","139.5","10"
"0","141","10"
"0","142.5","10"
"0","144","10"
"0","145.5","10"
"0","147","10"
"0","148.5","10"
"0","150","10"
"0","151.5","10"
"0","153","10"
"0","154.5","10"
"0","156","10"
"0","157.5","10"
"0","159","10"
"0","160.5","10"
"0","162","10"
"0","163.5","10"
"0","165","10"
"0","166.5","10"
"0","168","10"
"0","169.5","10"
"0","171","10"
"0","172.5","10"
"0","174","10"
"0","175.5","10"
"0","177","10"
"0","178.5","10"
"0","180","10"
"0","181.5","10"
"0","183","10"
"0","184.5","10"
"0","186","10"
"0","187.5","10"
"0","189","10"
"0","190.5","10"
"0","192","10"
"0","193.5","10"
"0","195","10"
"0","196.5","10"
"0","198","10"
"0","199.5","10"
"0","201","10"
"0","202.5","10"
"0","204","10"
"0","205.5","10"
"0","207","10"
"0","208.5","10"
"0","210","10"
"0","211.5","10"
"0","213","10"
"0","214.5","10"
"0","216","10"
"0","217.5","10"
"0","219","10"
"1.4398966328953218","220.5","10"
"1.505346479845109","222","10"
"1.505346479845109","223.5","10"
"1.505346479845109","225","10"
"1.505346479845109","226.5","10"
"1.5707963267948966","228","10"
"1.6362461737446838","229.5","10"
"1.6362461737446838","231","10"
"1.7671458676442584","232.5","10"
"1.7671458676442584","234","10"
"1.898045561543833","235.5","10"
"2.028945255443408","237","10"
"2.2252947962927703","238.5","10"
"2.356194490192345","240","10"
"2.5525440310417062","241.5","10"
"2.617993877991494","243","10"
"2.6834437249412812","244.5","10"
"2.8143434188408563","246","10"
"2.879793265790643","247.5","10"
"3.076142806640006","249","10"
"3.141592653589793","250.5","10"
"3.0106929596902186","252","10"
"2.9452431127404317","253.5","10"
"2.879793265790644","255","10"
"2.879793265790644","256.5","10"
"2.879793265790644","258","10"
"2.8143434188408563","259.5","10"
"2.8143434188408563","261","10"
"2.8143434188408563","262.5","10"
"2.8797932657906435","264","10"
"3.0761428066400054","265.5","10"
"0","267","10"
"0","268.5","10"
"0","270","10"
"0","271.5","10"
"0","273","10"
"0","274.5","10"
"0","276","10"
"0","277.5","10"
"0","279","10"
"0","280.5","10"
"0","282","10"
"0","283.5","10"
"0","285","10"
"0","286.5","10"
"0","288","10"
"0","289.5","10"
"0","291","10"
"0","292.5","10"
"0","294","10"
"0","295.5","10"
"0","297","10"
"0","298.5","10"
"0","300","10"
"3.1415926535897927","1.5","11"
"3.0106929596902186","3","11"
"2.814343418840856","4.5","11"
"2.748893571891069","6","11"
"2.6834437249412812","7.5","11"
"2.6834437249412812","9","11"
"2.6179938779914944","10.5","11"
"2.552544031041707","12","11"
"2.552544031041707","13.5","11"
"2.552544031041707","15","11"
"2.4870941840919194","16.5","11"
"2.4216443371421326","18","11"
"2.4216443371421326","19.5","11"
"2.356194490192345","21","11"
"2.290744643242557","22.5","11"
"2.2252947962927703","24","11"
"2.2252947962927703","25.5","11"
"2.2252947962927703","27","11"
"2.6834437249412817","28.5","11"
"3.0761428066400054","30","11"
"2.879793265790644","31.5","11"
"2.9452431127404313","33","11"
"0","34.5","11"
"0","36","11"
"0","37.5","11"
"0","39","11"
"0","40.5","11"
"0","42","11"
"0","43.5","11"
"0","45","11"
"0","46.5","11"
"0","48","11"
"0","49.5","11"
"0","51","11"
"0","52.5","11"
"0","54","11"
"0","55.5","11"
"1.3744467859455345","57","11"
"1.4398966328953218","58.5","11"
"1.4398966328953218","60","11"
"1.505346479845109","61.5","11"
"1.505346479845109","63","11"
"1.505346479845109","64.5","11"
"1.6362461737446836","66","11"
"1.6362461737446836","67.5","11"
"1.7671458676442584","69","11"
"1.8325957145940461","70.5","11"
"1.9634954084936207","72","11"
"2.0943951023931953","73.5","11"
"2.290744643242557","75","11"
"2.4216443371421317","76.5","11"
"2.4870941840919194","78","11"
"2.617993877991494","79.5","11"
"2.748893571891069","81","11"
"2.748893571891069","82.5","11"
"2.8143434188408563","84","11"
"2.879793265790643","85.5","11"
"2.879793265790643","87","11"
"2.8797932657906435","88.5","11"
"3.0106929596902177","90","11"
"3.1415926535897927","91.5","11"
"2.879793265790644","93","11"
"2.6834437249412817","94.5","11"
"2.617993877991495","96","11"
"0","97.5","11"
"0","99","11"
"0","100.5","11"
"0","102","11"
"0","103.5","11"
"0","105","11"
"0","106.5","11"
"0","108","11"
"0","109.5","11"
"0","111","11"
"0","112.5","11"
"0","114","11"
"0","115.5","11"
"0","117","11"
"0","118.5","11"
"0","120","11"
"0","121.5","11"
"0","123","11"
"0","124.5","11"
"0","126","11"
"0","127.5","11"
"0","129","11"
"0","130.5","11"
"0","132","11"
"0","133.5","11"
"0","135","11"
"0","136.5","11"
"0","138","11"
"0","139.5","11"
"0","141","11"
"0","142.5","11"
"0","144","11"
"0","145.5","11"
"0","147","11"
"0","148.5","11"
"0","150","11"
"0","151.5","11"
"0","153","11"
"0","154.5","11"
"0","156","11"
"0","157.5","11"
"0","159","11"
"0","160.5","11"
"0","162","11"
"0","163.5","11"
"0","165","11"
"0","166.5","11"
"0","168","11"
"0","169.5","11"
"0","171","11"
"0","172.5","11"
"0","174","11"
"0","175.5","11"
"1.4398966328953218","177","11"
"1.4398966328953218","178.5","11"
"1.505346479845109","180","11"
"1.505346479845109","181.5","11"
"1.5707963267948966","183","11"
"1.5707963267948966","184.5","11"
"1.6362461737446838","186","11"
"1.7016960206944711","187.5","11"
"1.7671458676442584","189","11"
"1.898045561543833","190.5","11"
"1.9634954084936203","192","11"
"2.0943951023931953","193.5","11"
"2.2252947962927703","195","11"
"2.290744643242557","196.5","11"
"2.356194490192345","198","11"
"2.356194490192345","199.5","11"
"2.356194490192345","201","11"
"2.356194490192345","202.5","11"
"2.356194490192345","204","11"
"2.3561944901923444","205.5","11"
"2.290744643242557","207","11"
"2.1598449493429825","208.5","11"
"2.094395102393195","210","11"
"2.0943951023931957","211.5","11"
"2.028945255443408","213","11"
"1.9634954084936207","214.5","11"
"1.767145867644258","216","11"
"1.8325957145940461","217.5","11"
"1.8980455615438334","219","11"
"1.9634954084936203","220.5","11"
"2.0943951023931953","222","11"
"2.487094184091919","223.5","11"
"3.0761428066400054","225","11"
"0","226.5","11"
"0","228","11"
"0","229.5","11"
"0","231","11"
"0","232.5","11"
"0","234","11"
"0","235.5","11"
"0","237","11"
"0","238.5","11"
"0","240","11"
"0","241.5","11"
"0","243","11"
"0","244.5","11"
"0","246","11"
"0","247.5","11"
"0","249","11"
"0","250.5","11"
"0","252","11"
"0","253.5","11"
"0","255","11"
"0","256.5","11"
"0","258","11"
"0","259.5","11"
"0","261","11"
"0","262.5","11"
"0","264","11"
"0","265.5","11"
"0","267","11"
"0","268.5","11"
"0","270","11"
"0","271.5","11"
"0","273","11"
"0","274.5","11"
"0","276","11"
"0","277.5","11"
"0","279","11"
"0","280.5","11"
"0","282","11"
"0","283.5","11"
"0","285","11"
"0","286.5","11"
"0","288","11"
"0","289.5","11"
"0","291","11"
"0","292.5","11"
"0","294","11"
"0","295.5","11"
"0","297","11"
"0","298.5","11"
"0","300","11"
"3.141592653589793","1.5","12"
"2.9452431127404313","3","12"
"2.879793265790644","4.5","12"
"2.7488935718910694","6","12"
"2.6834437249412817","7.5","12"
"2.6834437249412817","9","12"
"2.552544031041707","10.5","12"
"2.552544031041707","12","12"
"2.48709418409192","13.5","12"
"2.48709418409192","15","12"
"2.356194490192345","16.5","12"
"2.356194490192345","18","12"
"0","19.5","12"
"0","21","12"
"0","22.5","12"
"2.094395102393195","24","12"
"2.094395102393195","25.5","12"
"2.094395102393195","27","12"
"2.028945255443408","28.5","12"
"2.028945255443408","30","12"
"1.9634954084936211","31.5","12"
"1.9634954084936211","33","12"
"1.9634954084936211","34.5","12"
"1.8980455615438334","36","12"
"1.9634954084936203","37.5","12"
"1.8980455615438334","39","12"
"1.8980455615438334","40.5","12"
"1.8980455615438334","42","12"
"1.8980455615438334","43.5","12"
"1.8980455615438334","45","12"
"1.8980455615438334","46.5","12"
"1.8980455615438334","48","12"
"1.8980455615438334","49.5","12"
"1.8980455615438334","51","12"
"1.8980455615438334","52.5","12"
"1.9634954084936207","54","12"
"1.9634954084936207","55.5","12"
"1.9634954084936207","57","12"
"1.9634954084936207","58.5","12"
"1.9634954084936207","60","12"
"2.0943951023931957","61.5","12"
"2.0943951023931957","63","12"
"2.0943951023931957","64.5","12"
"2.159844949342983","66","12"
"2.159844949342983","67.5","12"
"2.22529479629277","69","12"
"2.2252947962927703","70.5","12"
"1.9634954084936203","72","12"
"0","73.5","12"
"0","75","12"
"0","76.5","12"
"0","78","12"
"0","79.5","12"
"0","81","12"
"0","82.5","12"
"0","84","12"
"0","85.5","12"
"0","87","12"
"0","88.5","12"
"0","90","12"
"0","91.5","12"
"0","93","12"
"0","94.5","12"
"0","96","12"
"0","97.5","12"
"0","99","12"
"0","100.5","12"
"0","102","12"
"0","103.5","12"
"0","105","12"
"0","106.5","12"
"0","108","12"
"0","109.5","12"
"0","111","12"
"0","112.5","12"
"0","114","12"
"0","115.5","12"
"0","117","12"
"0","118.5","12"
"0","120","12"
"0","121.5","12"
"0","123","12"
"0","124.5","12"
"0","126","12"
"0","127.5","12"
"0","129","12"
"0","130.5","12"
"0","132","12"
"0","133.5","12"
"0","135","12"
"0","136.5","12"
"0","138","12"
"0","139.5","12"
"0","141","12"
"1.4398966328953218","142.5","12"
"1.5053464798451093","144","12"
"1.5053464798451093","145.5","12"
"1.5053464798451093","147","12"
"1.6362461737446838","148.5","12"
"1.6362461737446838","150","12"
"1.7671458676442584","151.5","12"
"1.8325957145940457","153","12"
"1.8325957145940457","154.5","12"
"1.8325957145940457","156","12"
"1.8325957145940457","157.5","12"
"1.8325957145940457","159","12"
"1.9634954084936203","160.5","12"
"1.9634954084936203","162","12"
"2.0943951023931957","163.5","12"
"2.1598449493429825","165","12"
"2.290744643242557","166.5","12"
"2.4870941840919194","168","12"
"2.617993877991494","169.5","12"
"2.748893571891069","171","12"
"2.8143434188408563","172.5","12"
"2.945243112740431","174","12"
"3.0106929596902186","175.5","12"
"3.0106929596902186","177","12"
"3.0761428066400054","178.5","12"
"3.141592653589793","180","12"
"3.141592653589793","181.5","12"
"3.141592653589793","183","12"
"3.010692959690218","184.5","12"
"3.010692959690218","186","12"
"3.010692959690218","187.5","12"
"3.010692959690218","189","12"
"2.945243112740431","190.5","12"
"3.0106929596902186","192","12"
"3.1415926535897927","193.5","12"
"3.0106929596902186","195","12"
"2.8143434188408563","196.5","12"
"2.552544031041707","198","12"
"0","199.5","12"
"0","201","12"
"0","202.5","12"
"0","204","12"
"0","205.5","12"
"0","207","12"
"0","208.5","12"
"0","210","12"
"0","211.5","12"
"0","213","12"
"0","214.5","12"
"0","216","12"
"0","217.5","12"
"0","219","12"
"0","220.5","12"
"0","222","12"
"0","223.5","12"
"0","225","12"
"0","226.5","12"
"0","228","12"
"0","229.5","12"
"0","231","12"
"0","232.5","12"
"0","234","12"
"0","235.5","12"
"0","237","12"
"0","238.5","12"
"0","240","12"
"0","241.5","12"
"0","243","12"
"0","244.5","12"
"0","246","12"
"0","247.5","12"
"0","249","12"
"0","250.5","12"
"0","252","12"
"0","253.5","12"
"0","255","12"
"0","256.5","12"
"0","258","12"
"0","259.5","12"
"0","261","12"
"0","262.5","12"
"0","264","12"
"0","265.5","12"
"0","267","12"
"0","268.5","12"
"0","270","12"
"0","271.5","12"
"0","273","12"
"0","274.5","12"
"0","276","12"
"0","277.5","12"
"0","279","12"
"0","280.5","12"
"0","282","12"
"0","283.5","12"
"0","285","12"
"0","286.5","12"
"0","288","12"
"0","289.5","12"
"0","291","12"
"0","292.5","12"
"0","294","12"
"0","295.5","12"
"0","297","12"
"0","298.5","12"
"0","300","12"
"3.1415926535897927","1.5","13"
"0","3","13"
"0","4.5","13"
"3.141592653589793","6","13"
"3.141592653589793","7.5","13"
"3.141592653589793","9","13"
"3.141592653589793","10.5","13"
"3.141592653589793","12","13"
"0","13.5","13"
"0","15","13"
"0","16.5","13"
"0","18","13"
"0","19.5","13"
"0","21","13"
"0","22.5","13"
"0","24","13"
"0","25.5","13"
"0","27","13"
"0","28.5","13"
"0","30","13"
"0","31.5","13"
"0","33","13"
"0","34.5","13"
"0","36","13"
"0","37.5","13"
"0","39","13"
"0","40.5","13"
"0","42","13"
"0","43.5","13"
"0","45","13"
"0","46.5","13"
"0","48","13"
"0","49.5","13"
"0","51","13"
"0","52.5","13"
"0","54","13"
"0","55.5","13"
"0","57","13"
"0","58.5","13"
"0","60","13"
"0","61.5","13"
"0","63","13"
"0","64.5","13"
"0","66","13"
"0","67.5","13"
"0","69","13"
"0","70.5","13"
"0","72","13"
"0","73.5","13"
"0","75","13"
"0","76.5","13"
"0","78","13"
"0","79.5","13"
"0","81","13"
"0","82.5","13"
"0","84","13"
"0","85.5","13"
"0","87","13"
"0","88.5","13"
"0","90","13"
"0","91.5","13"
"0","93","13"
"0","94.5","13"
"0","96","13"
"0","97.5","13"
"0","99","13"
"0","100.5","13"
"0","102","13"
"0","103.5","13"
"0","105","13"
"0","106.5","13"
"0","108","13"
"0","109.5","13"
"0","111","13"
"0","112.5","13"
"0","114","13"
"0","115.5","13"
"0","117","13"
"0","118.5","13"
"0","120","13"
"0","121.5","13"
"0","123","13"
"0","124.5","13"
"0","126","13"
"0","127.5","13"
"0","129","13"
"0","130.5","13"
"0","132","13"
"0","133.5","13"
"0","135","13"
"0","136.5","13"
"0","138","13"
"0","139.5","13"
"0","141","13"
"0","142.5","13"
"0","144","13"
"0","145.5","13"
"0","147","13"
"0","148.5","13"
"0","150","13"
"0","151.5","13"
"0","153","13"
"0","154.5","13"
"0","156","13"
"0","157.5","13"
"0","159","13"
"0","160.5","13"
"0","162","13"
"0","163.5","13"
"0","165","13"
"0","166.5","13"
"0","168","13"
"0","169.5","13"
"0","171","13"
"0","172.5","13"
"0","174","13"
"0","175.5","13"
"0","177","13"
"0","178.5","13"
"0","180","13"
"0","181.5","13"
"0","183","13"
"0","184.5","13"
"0","186","13"
"0","187.5","13"
"0","189","13"
"0","190.5","13"
"0","192","13"
"0","193.5","13"
"0","195","13"
"0","196.5","13"
"0","198","13"
"0","199.5","13"
"0","201","13"
"0","202.5","13"
"0","204","13"
"0","205.5","13"
"0","207","13"
"0","208.5","13"
"0","210","13"
"0","211.5","13"
"0","213","13"
"0","214.5","13"
"2.4870941840919203","216","13"
"2.7488935718910694","217.5","13"
"2.8143434188408567","219","13"
"0","220.5","13"
"0","222","13"
"0","223.5","13"
"0","225","13"
"0","226.5","13"
"0","228","13"
"0","229.5","13"
"0","231","13"
"0","232.5","13"
"0","234","13"
"0","235.5","13"
"0","237","13"
"0","238.5","13"
"0","240","13"
"0","241.5","13"
"0","243","13"
"1.505346479845109","244.5","13"
"1.505346479845109","246","13"
"1.5707963267948966","247.5","13"
"1.6362461737446838","249","13"
"1.7016960206944711","250.5","13"
"1.832595714594046","252","13"
"1.832595714594046","253.5","13"
"1.9634954084936205","255","13"
"2.028945255443408","256.5","13"
"2.2252947962927703","258","13"
"2.356194490192345","259.5","13"
"2.5525440310417067","261","13"
"2.617993877991494","262.5","13"
"2.4870941840919194","264","13"
"2.356194490192345","265.5","13"
"2.22529479629277","267","13"
"2.094395102393195","268.5","13"
"2.028945255443408","270","13"
"2.028945255443408","271.5","13"
"2.094395102393195","273","13"
"2.1598449493429825","274.5","13"
"2.2252947962927703","276","13"
"2.290744643242557","277.5","13"
"2.4216443371421317","279","13"
"2.5525440310417062","280.5","13"
"2.748893571891069","282","13"
"2.8143434188408563","283.5","13"
"2.8143434188408563","285","13"
"2.945243112740431","286.5","13"
"3.0106929596902186","288","13"
"3.0761428066400054","289.5","13"
"3.141592653589793","291","13"
"3.141592653589793","292.5","13"
"3.0761428066400054","294","13"
"3.0761428066400054","295.5","13"
"3.010692959690218","297","13"
"2.9452431127404313","298.5","13"
"2.9452431127404313","300","13"
"3.141592653589793","1.5","14"
"2.9452431127404313","3","14"
"2.879793265790644","4.5","14"
"2.7488935718910694","6","14"
"2.6834437249412817","7.5","14"
"2.6834437249412817","9","14"
"2.552544031041707","10.5","14"
"2.552544031041707","12","14"
"2.48709418409192","13.5","14"
"2.48709418409192","15","14"
"2.356194490192345","16.5","14"
"2.356194490192345","18","14"
"0","19.5","14"
"0","21","14"
"0","22.5","14"
"2.094395102393195","24","14"
"2.094395102393195","25.5","14"
"2.094395102393195","27","14"
"2.028945255443408","28.5","14"
"2.028945255443408","30","14"
"1.9634954084936211","31.5","14"
"1.9634954084936211","33","14"
"1.9634954084936211","34.5","14"
"1.8980455615438334","36","14"
"1.9634954084936203","37.5","14"
"1.8980455615438334","39","14"
"1.8980455615438334","40.5","14"
"1.8980455615438334","42","14"
"1.8980455615438334","43.5","14"
"1.8980455615438334","45","14"
"1.8980455615438334","46.5","14"
"1.8980455615438334","48","14"
"1.8980455615438334","49.5","14"
"1.8980455615438334","51","14"
"1.8980455615438334","52.5","14"
"1.9634954084936207","54","14"
"1.9634954084936207","55.5","14"
"1.9634954084936207","57","14"
"1.9634954084936207","58.5","14"
"1.9634954084936207","60","14"
"2.0943951023931957","61.5","14"
"2.0943951023931957","63","14"
"2.0943951023931957","64.5","14"
"2.159844949342983","66","14"
"2.159844949342983","67.5","14"
"2.22529479629277","69","14"
"2.2252947962927703","70.5","14"
"1.9634954084936203","72","14"
"0","73.5","14"
"0","75","14"
"0","76.5","14"
"0","78","14"
"0","79.5","14"
"0","81","14"
"0","82.5","14"
"0","84","14"
"0","85.5","14"
"0","87","14"
"0","88.5","14"
"0","90","14"
"0","91.5","14"
"0","93","14"
"0","94.5","14"
"0","96","14"
"0","97.5","14"
"0","99","14"
"0","100.5","14"
"0","102","14"
"0","103.5","14"
"0","105","14"
"0","106.5","14"
"0","108","14"
"0","109.5","14"
"0","111","14"
"0","112.5","14"
"0","114","14"
"0","115.5","14"
"0","117","14"
"0","118.5","14"
"0","120","14"
"0","121.5","14"
"0","123","14"
"0","124.5","14"
"0","126","14"
"0","127.5","14"
"0","129","14"
"0","130.5","14"
"0","132","14"
"0","133.5","14"
"0","135","14"
"0","136.5","14"
"0","138","14"
"0","139.5","14"
"0","141","14"
"1.4398966328953218","142.5","14"
"1.5053464798451093","144","14"
"1.5053464798451093","145.5","14"
"1.5053464798451093","147","14"
"1.6362461737446838","148.5","14"
"1.6362461737446838","150","14"
"1.7671458676442584","151.5","14"
"1.8325957145940457","153","14"
"1.8325957145940457","154.5","14"
"1.8325957145940457","156","14"
"1.8325957145940457","157.5","14"
"1.8325957145940457","159","14"
"1.9634954084936203","160.5","14"
"1.9634954084936203","162","14"
"2.0943951023931957","163.5","14"
"2.1598449493429825","165","14"
"2.290744643242557","166.5","14"
"2.4870941840919194","168","14"
"2.617993877991494","169.5","14"
"2.748893571891069","171","14"
"2.8143434188408563","172.5","14"
"2.945243112740431","174","14"
"3.0106929596902186","175.5","14"
"3.0106929596902186","177","14"
"3.0761428066400054","178.5","14"
"3.141592653589793","180","14"
"3.141592653589793","181.5","14"
"3.141592653589793","183","14"
"3.010692959690218","184.5","14"
"3.010692959690218","186","14"
"3.010692959690218","187.5","14"
"3.010692959690218","189","14"
"2.945243112740431","190.5","14"
"3.0106929596902186","192","14"
"3.1415926535897927","193.5","14"
"3.0106929596902186","195","14"
"2.8143434188408563","196.5","14"
"2.552544031041707","198","14"
"0","199.5","14"
"0","201","14"
"0","202.5","14"
"0","204","14"
"0","205.5","14"
"0","207","14"
"0","208.5","14"
"0","210","14"
"0","211.5","14"
"0","213","14"
"0","214.5","14"
"0","216","14"
"0","217.5","14"
"0","219","14"
"0","220.5","14"
"0","222","14"
"0","223.5","14"
"0","225","14"
"0","226.5","14"
"0","228","14"
"0","229.5","14"
"0","231","14"
"0","232.5","14"
"0","234","14"
"0","235.5","14"
"0","237","14"
"0","238.5","14"
"0","240","14"
"0","241.5","14"
"0","243","14"
"0","244.5","14"
"0","246","14"
"0","247.5","14"
"0","249","14"
"0","250.5","14"
"0","252","14"
"0","253.5","14"
"0","255","14"
"0","256.5","14"
"0","258","14"
"0","259.5","14"
"0","261","14"
"0","262.5","14"
"0","264","14"
"0","265.5","14"
"0","267","14"
"0","268.5","14"
"0","270","14"
"0","271.5","14"
"0","273","14"
"0","274.5","14"
"0","276","14"
"0","277.5","14"
"0","279","14"
"0","280.5","14"
"0","282","14"
"0","283.5","14"
"0","285","14"
"0","286.5","14"
"0","288","14"
"0","289.5","14"
"0","291","14"
"0","292.5","14"
"0","294","14"
"0","295.5","14"
"0","297","14"
"0","298.5","14"
"0","300","14"
"3.1415926535897927","1.5","15"
"0","3","15"
"0","4.5","15"
"3.141592653589793","6","15"
"3.141592653589793","7.5","15"
"3.141592653589793","9","15"
"3.141592653589793","10.5","15"
"3.141592653589793","12","15"
"0","13.5","15"
"0","15","15"
"0","16.5","15"
"0","18","15"
"0","19.5","15"
"0","21","15"
"0","22.5","15"
"0","24","15"
"0","25.5","15"
"0","27","15"
"0","28.5","15"
"0","30","15"
"0","31.5","15"
"0","33","15"
"0","34.5","15"
"0","36","15"
"0","37.5","15"
"0","39","15"
"0","40.5","15"
"0","42","15"
"0","43.5","15"
"0","45","15"
"0","46.5","15"
"0","48","15"
"0","49.5","15"
"0","51","15"
"0","52.5","15"
"0","54","15"
"0","55.5","15"
"0","57","15"
"0","58.5","15"
"0","60","15"
"0","61.5","15"
"0","63","15"
"0","64.5","15"
"0","66","15"
"0","67.5","15"
"0","69","15"
"0","70.5","15"
"0","72","15"
"0","73.5","15"
"0","75","15"
"0","76.5","15"
"0","78","15"
"0","79.5","15"
"0","81","15"
"0","82.5","15"
"0","84","15"
"0","85.5","15"
"0","87","15"
"0","88.5","15"
"0","90","15"
"0","91.5","15"
"0","93","15"
"0","94.5","15"
"0","96","15"
"0","97.5","15"
"0","99","15"
"0","100.5","15"
"0","102","15"
"0","103.5","15"
"0","105","15"
"0","106.5","15"
"0","108","15"
"0","109.5","15"
"0","111","15"
"0","112.5","15"
"0","114","15"
"0","115.5","15"
"0","117","15"
"0","118.5","15"
"0","120","15"
"0","121.5","15"
"0","123","15"
"0","124.5","15"
"0","126","15"
"0","127.5","15"
"0","129","15"
"0","130.5","15"
"0","132","15"
"0","133.5","15"
"0","135","15"
"0","136.5","15"
"0","138","15"
"0","139.5","15"
"0","141","15"
"0","142.5","15"
"0","144","15"
"0","145.5","15"
"0","147","15"
"0","148.5","15"
"0","150","15"
"0","151.5","15"
"0","153","15"
"0","154.5","15"
"0","156","15"
"0","157.5","15"
"0","159","15"
"0","160.5","15"
"0","162","15"
"0","163.5","15"
"0","165","15"
"0","166.5","15"
"0","168","15"
"0","169.5","15"
"0","171","15"
"0","172.5","15"
"0","174","15"
"0","175.5","15"
"0","177","15"
"0","178.5","15"
"0","180","15"
"0","181.5","15"
"0","183","15"
"0","184.5","15"
"0","186","15"
"0","187.5","15"
"0","189","15"
"0","190.5","15"
"0","192","15"
"0","193.5","15"
"0","195","15"
"0","196.5","15"
"0","198","15"
"0","199.5","15"
"0","201","15"
"0","202.5","15"
"0","204","15"
"0","205.5","15"
"0","207","15"
"0","208.5","15"
"0","210","15"
"0","211.5","15"
"0","213","15"
"0","214.5","15"
"2.4870941840919203","216","15"
"2.7488935718910694","217.5","15"
"2.8143434188408567","219","15"
"0","220.5","15"
"0","222","15"
"0","223.5","15"
"0","225","15"
"0","226.5","15"
"0","228","15"
"0","229.5","15"
"0","231","15"
"0","232.5","15"
"0","234","15"
"0","235.5","15"
"0","237","15"
"0","238.5","15"
"0","240","15"
"0","241.5","15"
"0","243","15"
"1.505346479845109","244.5","15"
"1.505346479845109","246","15"
"1.5707963267948966","247.5","15"
"1.6362461737446838","249","15"
"1.7016960206944711","250.5","15"
"1.832595714594046","252","15"
"1.832595714594046","253.5","15"
"1.9634954084936205","255","15"
"2.028945255443408","256.5","15"
"2.2252947962927703","258","15"
"2.356194490192345","259.5","15"
"2.5525440310417067","261","15"
"2.617993877991494","262.5","15"
"2.4870941840919194","264","15"
"2.356194490192345","265.5","15"
"2.22529479629277","267","15"
"2.094395102393195","268.5","15"
"2.028945255443408","270","15"
"2.028945255443408","271.5","15"
"2.094395102393195","273","15"
"2.1598449493429825","274.5","15"
"2.2252947962927703","276","15"
"2.290744643242557","277.5","15"
"2.4216443371421317","279","15"
"2.5525440310417062","280.5","15"
"2.748893571891069","282","15"
"2.8143434188408563","283.5","15"
"2.8143434188408563","285","15"
"2.945243112740431","286.5","15"
"3.0106929596902186","288","15"
"3.0761428066400054","289.5","15"
"3.141592653589793","291","15"
"3.141592653589793","292.5","15"
"3.0761428066400054","294","15"
"3.0761428066400054","295.5","15"
"3.010692959690218","297","15"
"2.9452431127404313","298.5","15"
"2.9452431127404313","300","15"
"3.1415926535897927","1.5","16"
"3.0761428066400054","3","16"
"2.8797932657906435","4.5","16"
"2.748893571891069","6","16"
"2.748893571891069","7.5","16"
"2.748893571891069","9","16"
"2.6834437249412812","10.5","16"
"2.6834437249412812","12","16"
"2.6834437249412812","13.5","16"
"2.617993877991494","15","16"
"2.617993877991494","16.5","16"
"2.5525440310417067","18","16"
"2.5525440310417067","19.5","16"
"2.5525440310417067","21","16"
"2.487094184091919","22.5","16"
"2.487094184091919","24","16"
"2.487094184091919","25.5","16"
"2.487094184091919","27","16"
"2.487094184091919","28.5","16"
"2.487094184091919","30","16"
"2.487094184091919","31.5","16"
"2.5525440310417067","33","16"
"2.6179938779914944","34.5","16"
"3.076142806640006","36","16"
"3.010692959690219","37.5","16"
"3.076142806640006","39","16"
"0","40.5","16"
"0","42","16"
"0","43.5","16"
"0","45","16"
"0","46.5","16"
"0","48","16"
"0","49.5","16"
"0","51","16"
"0","52.5","16"
"0","54","16"
"0","55.5","16"
"0","57","16"
"0","58.5","16"
"0","60","16"
"0","61.5","16"
"0","63","16"
"0","64.5","16"
"0","66","16"
"1.3744467859455343","67.5","16"
"1.4398966328953218","69","16"
"1.4398966328953218","70.5","16"
"1.4398966328953218","72","16"
"1.505346479845109","73.5","16"
"1.505346479845109","75","16"
"1.505346479845109","76.5","16"
"1.5707963267948963","78","16"
"1.5707963267948963","79.5","16"
"1.6362461737446836","81","16"
"1.7016960206944711","82.5","16"
"1.7671458676442584","84","16"
"1.8325957145940457","85.5","16"
"1.9634954084936207","87","16"
"2.0943951023931953","88.5","16"
"2.22529479629277","90","16"
"2.4216443371421317","91.5","16"
"2.5525440310417062","93","16"
"2.617993877991494","94.5","16"
"2.748893571891069","96","16"
"2.8143434188408563","97.5","16"
"2.8143434188408563","99","16"
"2.945243112740431","100.5","16"
"2.945243112740431","102","16"
"3.0761428066400054","103.5","16"
"3.0761428066400054","105","16"
"3.0761428066400054","106.5","16"
"3.076142806640006","108","16"
"3.076142806640006","109.5","16"
"3.0106929596902186","111","16"
"2.945243112740431","112.5","16"
"2.8797932657906435","114","16"
"2.8797932657906435","115.5","16"
"2.9452431127404313","117","16"
"3.0761428066400063","118.5","16"
"3.0106929596902186","120","16"
"2.748893571891069","121.5","16"
"0","123","16"
"0","124.5","16"
"0","126","16"
"0","127.5","16"
"0","129","16"
"0","130.5","16"
"0","132","16"
"0","133.5","16"
"0","135","16"
"0","136.5","16"
"0","138","16"
"0","139.5","16"
"0","141","16"
"0","142.5","16"
"0","144","16"
"0","145.5","16"
"0","147","16"
"0","148.5","16"
"0","150","16"
"0","151.5","16"
"0","153","16"
"0","154.5","16"
"0","156","16"
"0","157.5","16"
"0","159","16"
"0","160.5","16"
"0","162","16"
"0","163.5","16"
"0","165","16"
"0","166.5","16"
"0","168","16"
"0","169.5","16"
"0","171","16"
"0","172.5","16"
"0","174","16"
"0","175.5","16"
"0","177","16"
"0","178.5","16"
"0","180","16"
"0","181.5","16"
"0","183","16"
"0","184.5","16"
"0","186","16"
"0","187.5","16"
"0","189","16"
"0","190.5","16"
"0","192","16"
"0","193.5","16"
"0","195","16"
"0","196.5","16"
"0","198","16"
"0","199.5","16"
"0","201","16"
"0","202.5","16"
"0","204","16"
"0","205.5","16"
"0","207","16"
"0","208.5","16"
"0","210","16"
"0","211.5","16"
"0","213","16"
"0","214.5","16"
"0","216","16"
"0","217.5","16"
"0","219","16"
"1.4398966328953218","220.5","16"
"1.505346479845109","222","16"
"1.505346479845109","223.5","16"
"1.505346479845109","225","16"
"1.505346479845109","226.5","16"
"1.5707963267948966","228","16"
"1.6362461737446838","229.5","16"
"1.6362461737446838","231","16"
"1.7671458676442584","232.5","16"
"1.7671458676442584","234","16"
"1.898045561543833","235.5","16"
"2.028945255443408","237","16"
"2.2252947962927703","238.5","16"
"2.356194490192345","240","16"
"2.5525440310417062","241.5","16"
"2.617993877991494","243","16"
"2.6834437249412812","244.5","16"
"2.8143434188408563","246","16"
"2.879793265790643","247.5","16"
"3.076142806640006","249","16"
"3.141592653589793","250.5","16"
"3.0106929596902186","252","16"
"2.9452431127404317","253.5","16"
"2.879793265790644","255","16"
"2.879793265790644","256.5","16"
"2.879793265790644","258","16"
"2.8143434188408563","259.5","16"
"2.8143434188408563","261","16"
"2.8143434188408563","262.5","16"
"2.8797932657906435","264","16"
"3.0761428066400054","265.5","16"
"0","267","16"
"0","268.5","16"
"0","270","16"
"0","271.5","16"
"0","273","16"
"0","274.5","16"
"0","276","16"
"0","277.5","16"
"0","279","16"
"0","280.5","16"
"0","282","16"
"0","283.5","16"
"0","285","16"
"0","286.5","16"
"0","288","16"
"0","289.5","16"
"0","291","16"
"0","292.5","16"
"0","294","16"
"0","295.5","16"
"0","297","16"
"0","298.5","16"
"0","300","16"
"3.1415926535897927","1.5","17"
"3.0106929596902186","3","17"
"2.879793265790644","4.5","17"
"2.748893571891069","6","17"
"2.6834437249412812","7.5","17"
"2.6834437249412812","9","17"
"2.6179938779914944","10.5","17"
"2.6179938779914944","12","17"
"2.5525440310417067","13.5","17"
"2.5525440310417067","15","17"
"2.5525440310417067","16.5","17"
"2.487094184091919","18","17"
"2.487094184091919","19.5","17"
"2.421644337142132","21","17"
"2.3561944901923444","22.5","17"
"2.3561944901923444","24","17"
"2.2252947962927703","25.5","17"
"2.2252947962927703","27","17"
"2.2252947962927703","28.5","17"
"2.290744643242557","30","17"
"2.7488935718910685","31.5","17"
"3.076142806640006","33","17"
"2.879793265790644","34.5","17"
"3.0106929596902186","36","17"
"0","37.5","17"
"0","39","17"
"0","40.5","17"
"0","42","17"
"0","43.5","17"
"0","45","17"
"0","46.5","17"
"0","48","17"
"0","49.5","17"
"0","51","17"
"0","52.5","17"
"0","54","17"
"0","55.5","17"
"0","57","17"
"0","58.5","17"
"0","60","17"
"1.4398966328953215","61.5","17"
"1.4398966328953215","63","17"
"1.4398966328953215","64.5","17"
"1.4398966328953218","66","17"
"1.4398966328953218","67.5","17"
"1.4398966328953218","69","17"
"1.505346479845109","70.5","17"
"1.505346479845109","72","17"
"1.505346479845109","73.5","17"
"1.5707963267948963","75","17"
"1.5707963267948963","76.5","17"
"1.5707963267948963","78","17"
"1.6362461737446836","79.5","17"
"1.7671458676442584","81","17"
"1.7671458676442584","82.5","17"
"1.8980455615438334","84","17"
"2.0943951023931953","85.5","17"
"2.22529479629277","87","17"
"2.3561944901923444","88.5","17"
"2.4870941840919194","90","17"
"2.552544031041707","91.5","17"
"2.6834437249412817","93","17"
"2.748893571891069","94.5","17"
"2.8143434188408563","96","17"
"2.945243112740431","97.5","17"
"3.0761428066400054","99","17"
"3.141592653589793","100.5","17"
"3.141592653589793","102","17"
"3.141592653589793","103.5","17"
"3.0761428066400054","105","17"
"3.0761428066400054","106.5","17"
"3.0761428066400054","108","17"
"3.010692959690218","109.5","17"
"3.076142806640006","111","17"
"3.0761428066400063","112.5","17"
"3.141592653589793","114","17"
"3.076142806640006","115.5","17"
"3.076142806640006","117","17"
"3.0106929596902186","118.5","17"
"2.945243112740431","120","17"
"2.617993877991494","121.5","17"
"0","123","17"
"0","124.5","17"
"0","126","17"
"0","127.5","17"
"0","129","17"
"0","130.5","17"
"0","132","17"
"0","133.5","17"
"0","135","17"
"0","136.5","17"
"0","138","17"
"0","139.5","17"
"0","141","17"
"0","142.5","17"
"0","144","17"
"0","145.5","17"
"0","147","17"
"0","148.5","17"
"0","150","17"
"0","151.5","17"
"0","153","17"
"0","154.5","17"
"0","156","17"
"0","157.5","17"
"0","159","17"
"0","160.5","17"
"0","162","17"
"0","163.5","17"
"0","165","17"
"0","166.5","17"
"0","168","17"
"0","169.5","17"
"0","171","17"
"0","172.5","17"
"0","174","17"
"0","175.5","17"
"0","177","17"
"0","178.5","17"
"0","180","17"
"0","181.5","17"
"0","183","17"
"0","184.5","17"
"0","186","17"
"0","187.5","17"
"0","189","17"
"0","190.5","17"
"0","192","17"
"0","193.5","17"
"0","195","17"
"0","196.5","17"
"0","198","17"
"0","199.5","17"
"0","201","17"
"0","202.5","17"
"0","204","17"
"0","205.5","17"
"0","207","17"
"0","208.5","17"
"0","210","17"
"0","211.5","17"
"0","213","17"
"0","214.5","17"
"0","216","17"
"0","217.5","17"
"0","219","17"
"0","220.5","17"
"0","222","17"
"0","223.5","17"
"0","225","17"
"0","226.5","17"
"1.4398966328953218","228","17"
"1.505346479845109","229.5","17"
"1.505346479845109","231","17"
"1.505346479845109","232.5","17"
"1.505346479845109","234","17"
"1.5707963267948963","235.5","17"
"1.6362461737446838","237","17"
"1.6362461737446838","238.5","17"
"1.7671458676442584","240","17"
"1.7671458676442584","241.5","17"
"1.898045561543833","243","17"
"2.028945255443408","244.5","17"
"2.2252947962927703","246","17"
"2.290744643242557","247.5","17"
"2.4216443371421317","249","17"
"2.5525440310417062","250.5","17"
"2.6834437249412812","252","17"
"2.7488935718910685","253.5","17"
"2.879793265790643","255","17"
"3.076142806640006","256.5","17"
"3.141592653589793","258","17"
"3.0106929596902186","259.5","17"
"2.9452431127404317","261","17"
"2.879793265790644","262.5","17"
"2.879793265790644","264","17"
"2.8143434188408563","265.5","17"
"2.8143434188408563","267","17"
"2.8143434188408563","268.5","17"
"2.8143434188408563","270","17"
"2.8797932657906435","271.5","17"
"3.1415926535897927","273","17"
"0","274.5","17"
"0","276","17"
"0","277.5","17"
"0","279","17"
"0","280.5","17"
"0","282","17"
"0","283.5","17"
"0","285","17"
"0","286.5","17"
"0","288","17"
"0","289.5","17"
"0","291","17"
"0","292.5","17"
"0","294","17"
"0","295.5","17"
"0","297","17"
"0","298.5","17"
"0","300","17"
"3.1415926535897927","1.5","18"
"3.0761428066400054","3","18"
"2.8797932657906435","4.5","18"
"2.748893571891069","6","18"
"2.748893571891069","7.5","18"
"2.748893571891069","9","18"
"2.6834437249412812","10.5","18"
"2.6834437249412812","12","18"
"2.6834437249412812","13.5","18"
"2.617993877991494","15","18"
"2.617993877991494","16.5","18"
"2.5525440310417067","18","18"
"2.5525440310417067","19.5","18"
"2.5525440310417067","21","18"
"2.487094184091919","22.5","18"
"2.487094184091919","24","18"
"2.487094184091919","25.5","18"
"2.487094184091919","27","18"
"2.487094184091919","28.5","18"
"2.487094184091919","30","18"
"2.487094184091919","31.5","18"
"2.5525440310417067","33","18"
"2.6179938779914944","34.5","18"
"3.076142806640006","36","18"
"3.010692959690219","37.5","18"
"3.076142806640006","39","18"
"0","40.5","18"
"0","42","18"
"0","43.5","18"
"0","45","18"
"0","46.5","18"
"0","48","18"
"0","49.5","18"
"0","51","18"
"0","52.5","18"
"0","54","18"
"0","55.5","18"
"0","57","18"
"0","58.5","18"
"0","60","18"
"0","61.5","18"
"0","63","18"
"0","64.5","18"
"0","66","18"
"1.3744467859455343","67.5","18"
"1.4398966328953218","69","18"
"1.4398966328953218","70.5","18"
"1.4398966328953218","72","18"
"1.505346479845109","73.5","18"
"1.505346479845109","75","18"
"1.505346479845109","76.5","18"
"1.5707963267948963","78","18"
"1.5707963267948963","79.5","18"
"1.6362461737446836","81","18"
"1.7016960206944711","82.5","18"
"1.7671458676442584","84","18"
"1.8325957145940457","85.5","18"
"1.9634954084936207","87","18"
"2.0943951023931953","88.5","18"
"2.22529479629277","90","18"
"2.4216443371421317","91.5","18"
"2.5525440310417062","93","18"
"2.617993877991494","94.5","18"
"2.748893571891069","96","18"
"2.8143434188408563","97.5","18"
"2.8143434188408563","99","18"
"2.945243112740431","100.5","18"
"2.945243112740431","102","18"
"3.0761428066400054","103.5","18"
"3.0761428066400054","105","18"
"3.0761428066400054","106.5","18"
"3.076142806640006","108","18"
"3.076142806640006","109.5","18"
"3.0106929596902186","111","18"
"2.945243112740431","112.5","18"
"2.8797932657906435","114","18"
"2.8797932657906435","115.5","18"
"2.9452431127404313","117","18"
"3.0761428066400063","118.5","18"
"3.0106929596902186","120","18"
"2.748893571891069","121.5","18"
"0","123","18"
"0","124.5","18"
"0","126","18"
"0","127.5","18"
"0","129","18"
"0","130.5","18"
"0","132","18"
"0","133.5","18"
"0","135","18"
"0","136.5","18"
"0","138","18"
"0","139.5","18"
"0","141","18"
"0","142.5","18"
"0","144","18"
"0","145.5","18"
"0","147","18"
"0","148.5","18"
"0","150","18"
"0","151.5","18"
"0","153","18"
"0","154.5","18"
"0","156","18"
"0","157.5","18"
"0","159","18"
"0","160.5","18"
"0","162","18"
"0","163.5","18"
"0","165","18"
"0","166.5","18"
"0","168","18"
"0","169.5","18"
"0","171","18"
"0","172.5","18"
"0","174","18"
"0","175.5","18"
"0","177","18"
"0","178.5","18"
"0","180","18"
"0","181.5","18"
"0","183","18"
"0","184.5","18"
"0","186","18"
"0","187.5","18"
"0","189","18"
"0","190.5","18"
"0","192","18"
"0","193.5","18"
"0","195","18"
"0","196.5","18"
"0","198","18"
"0","199.5","18"
"0","201","18"
"0","202.5","18"
"0","204","18"
"0","205.5","18"
"0","207","18"
"0","208.5","18"
"0","210","18"
"0","211.5","18"
"0","213","18"
"0","214.5","18"
"0","216","18"
"0","217.5","18"
"0","219","18"
"1.4398966328953218","220.5","18"
"1.505346479845109","222","18"
"1.505346479845109","223.5","18"
"1.505346479845109","225","18"
"1.505346479845109","226.5","18"
"1.5707963267948966","228","18"
"1.6362461737446838","229.5","18"
"1.6362461737446838","231","18"
"1.7671458676442584","232.5","18"
"1.7671458676442584","234","18"
"1.898045561543833","235.5","18"
"2.028945255443408","237","18"
"2.2252947962927703","238.5","18"
"2.356194490192345","240","18"
"2.5525440310417062","241.5","18"
"2.617993877991494","243","18"
"2.6834437249412812","244.5","18"
"2.8143434188408563","246","18"
"2.879793265790643","247.5","18"
"3.076142806640006","249","18"
"3.141592653589793","250.5","18"
"3.0106929596902186","252","18"
"2.9452431127404317","253.5","18"
"2.879793265790644","255","18"
"2.879793265790644","256.5","18"
"2.879793265790644","258","18"
"2.8143434188408563","259.5","18"
"2.8143434188408563","261","18"
"2.8143434188408563","262.5","18"
"2.8797932657906435","264","18"
"3.0761428066400054","265.5","18"
"0","267","18"
"0","268.5","18"
"0","270","18"
"0","271.5","18"
"0","273","18"
"0","274.5","18"
"0","276","18"
"0","277.5","18"
"0","279","18"
"0","280.5","18"
"0","282","18"
"0","283.5","18"
"0","285","18"
"0","286.5","18"
"0","288","18"
"0","289.5","18"
"0","291","18"
"0","292.5","18"
"0","294","18"
"0","295.5","18"
"0","297","18"
"0","298.5","18"
"0","300","18"
"3.1415926535897927","1.5","19"
"3.1415926535897927","3","19"
"3.0106929596902177","4.5","19"
"2.945243112740431","6","19"
"2.879793265790644","7.5","19"
"2.879793265790643","9","19"
"2.945243112740431","10.5","19"
"2.6834437249412812","12","19"
"2.6834437249412812","13.5","19"
"2.6834437249412817","15","19"
"2.6834437249412817","16.5","19"
"2.6834437249412817","18","19"
"2.6834437249412817","19.5","19"
"2.6834437249412817","21","19"
"2.5525440310417062","22.5","19"
"2.487094184091919","24","19"
"2.4216443371421317","25.5","19"
"2.4216443371421317","27","19"
"2.4216443371421317","28.5","19"
"2.4216443371421317","30","19"
"2.356194490192345","31.5","19"
"2.356194490192345","33","19"
"2.356194490192345","34.5","19"
"2.356194490192345","36","19"
"2.2907446432425576","37.5","19"
"2.2907446432425576","39","19"
"2.2252947962927703","40.5","19"
"2.2252947962927703","42","19"
"2.2907446432425576","43.5","19"
"2.552544031041707","45","19"
"0","46.5","19"
"0","48","19"
"0","49.5","19"
"0","51","19"
"0","52.5","19"
"0","54","19"
"0","55.5","19"
"0","57","19"
"0","58.5","19"
"0","60","19"
"0","61.5","19"
"0","63","19"
"0","64.5","19"
"0","66","19"
"0","67.5","19"
"0","69","19"
"0","70.5","19"
"0","72","19"
"0","73.5","19"
"0","75","19"
"0","76.5","19"
"0","78","19"
"0","79.5","19"
"0","81","19"
"0","82.5","19"
"0","84","19"
"0","85.5","19"
"0","87","19"
"0","88.5","19"
"0","90","19"
"0","91.5","19"
"0","93","19"
"0","94.5","19"
"0","96","19"
"0","97.5","19"
"0","99","19"
"0","100.5","19"
"0","102","19"
"0","103.5","19"
"0","105","19"
"0","106.5","19"
"0","108","19"
"0","109.5","19"
"0","111","19"
"0","112.5","19"
"0","114","19"
"0","115.5","19"
"0","117","19"
"0","118.5","19"
"0","120","19"
"0","121.5","19"
"0","123","19"
"0","124.5","19"
"0","126","19"
"0","127.5","19"
"0","129","19"
"0","130.5","19"
"0","132","19"
"0","133.5","19"
"0","135","19"
"0","136.5","19"
"0","138","19"
"0","139.5","19"
"0","141","19"
"0","142.5","19"
"0","144","19"
"1.4398966328953215","145.5","19"
"1.505346479845109","147","19"
"1.505346479845109","148.5","19"
"1.505346479845109","150","19"
"1.505346479845109","151.5","19"
"1.5707963267948963","153","19"
"1.5707963267948963","154.5","19"
"1.5707963267948963","156","19"
"1.6362461737446838","157.5","19"
"1.7016960206944711","159","19"
"1.7671458676442584","160.5","19"
"1.8325957145940457","162","19"
"1.9634954084936207","163.5","19"
"2.0943951023931953","165","19"
"2.2252947962927703","166.5","19"
"2.356194490192345","168","19"
"2.4870941840919194","169.5","19"
"2.5525440310417062","171","19"
"2.6834437249412812","172.5","19"
"2.7488935718910685","174","19"
"2.945243112740431","175.5","19"
"3.076142806640006","177","19"
"3.076142806640006","178.5","19"
"3.0106929596902186","180","19"
"2.9452431127404317","181.5","19"
"2.879793265790644","183","19"
"2.879793265790644","184.5","19"
"2.8797932657906435","186","19"
"2.8797932657906435","187.5","19"
"2.8797932657906435","189","19"
"2.8797932657906435","190.5","19"
"2.9452431127404313","192","19"
"3.0761428066400054","193.5","19"
"0","195","19"
"0","196.5","19"
"0","198","19"
"0","199.5","19"
"0","201","19"
"0","202.5","19"
"0","204","19"
"0","205.5","19"
"0","207","19"
"0","208.5","19"
"0","210","19"
"0","211.5","19"
"0","213","19"
"0","214.5","19"
"0","216","19"
"0","217.5","19"
"0","219","19"
"0","220.5","19"
"0","222","19"
"0","223.5","19"
"0","225","19"
"0","226.5","19"
"0","228","19"
"0","229.5","19"
"0","231","19"
"0","232.5","19"
"0","234","19"
"0","235.5","19"
"0","237","19"
"0","238.5","19"
"0","240","19"
"0","241.5","19"
"0","243","19"
"0","244.5","19"
"0","246","19"
"0","247.5","19"
"0","249","19"
"0","250.5","19"
"0","252","19"
"0","253.5","19"
"0","255","19"
"0","256.5","19"
"0","258","19"
"0","259.5","19"
"0","261","19"
"0","262.5","19"
"0","264","19"
"0","265.5","19"
"0","267","19"
"0","268.5","19"
"0","270","19"
"0","271.5","19"
"0","273","19"
"0","274.5","19"
"0","276","19"
"0","277.5","19"
"0","279","19"
"0","280.5","19"
"0","282","19"
"0","283.5","19"
"0","285","19"
"0","286.5","19"
"0","288","19"
"0","289.5","19"
"0","291","19"
"1.4398966328953218","292.5","19"
"1.4398966328953218","294","19"
"1.4398966328953218","295.5","19"
"1.505346479845109","297","19"
"1.505346479845109","298.5","19"
"1.5707963267948966","300","19"